[2026-09-23 00:07:22.101][DBG][Px45320][Tx34803][Logger] ----------------------------- 
[2026-09-23 00:07:22.101][DBG][Px45320][Tx34803][Logger] MAA Process Start 
[2026-09-23 00:07:22.101][DBG][Px45320][Tx34803][Logger] Version v5.13.1 
[2026-09-23 00:07:22.101][DBG][Px45320][Tx34803][Logger] Built at Sep 16 2026 02:49:39 
[2026-09-23 00:07:22.101][DBG][Px45320][Tx34803][Logger] Windows x64 
[2026-09-23 00:07:22.101][DBG][Px45320][Tx34803][Logger] Working C:/Users/bdwen/Downloads/Compressed/MaaFramework-main/MaaAutomationBlank/dist 
[2026-09-23 00:07:22.101][DBG][Px45320][Tx34803][Logger] Logging C:/Users/bdwen/Downloads/Compressed/MaaFramework-main/MaaAutomationBlank/dist/runtime/debug/maafw.log 
[2026-09-23 00:07:22.101][DBG][Px45320][Tx34803][Logger] ----------------------------- 
[2026-09-23 00:07:22.101][DBG][Px45320][Tx34803][Tasker.cpp][L323][MaaNS::Tasker::run_task] [runner_id=100000003] [task_ptr=0000010B4D18D570] | enter 
[2026-09-23 00:07:22.101][INF][Px45320][Tx34803][Tasker.cpp][L343][MaaNS::Tasker::run_task] task start: [cb_detail={"entry":"弹窗守卫","hash":"19efa3e55b3b18d8","task_id":200000003,"uuid":"6082ad59b0698c1"}] 
[2026-09-23 00:07:22.101][INF][Px45320][Tx34803][Utils/EventDispatcher.hpp][L65][MaaNS::EventDispatcher::notify] !!!OnEventNotify!!! [handle=true] [msg=Tasker.Task.Starting] [details={"entry":"弹窗守卫","hash":"19efa3e55b3b18d8","task_id":200000003,"uuid":"6082ad59b0698c1"}] 
[2026-09-23 00:07:22.101][DBG][Px45320][Tx34803][PipelineTask.cpp][L26][MaaNS::TaskNS::PipelineTask::run] [entry_=弹窗守卫] [task_id_=200000003] | enter 
[2026-09-23 00:07:22.101][INF][Px45320][Tx34803][Utils/EventDispatcher.hpp][L65][MaaNS::EventDispatcher::notify] !!!OnEventNotify!!! [handle=true] [msg=Node.PipelineNode.Starting] [details={"focus":null,"name":"弹窗守卫","node_id":300000178,"task_id":200000003}] 
[2026-09-23 00:07:22.104][DBG][Px45320][Tx42061][ChildPipeIOStream.cpp][L84][MaaNS::ChildPipeIOStream::ChildPipeIOStream] [exec_=D:/MuMuPlayer-12.0/shell/adb.exe] [args_=["-s","127.0.0.1:16416","exec-out","screencap | gzip -1"]] [child_.id()=10644] 
[2026-09-23 00:07:22.234][DBG][Px45320][Tx42061][UnitBase.cpp][L58][MaaNS::CtrlUnitNs::UnitBase::startup_and_read_pipe] [output.size()=634352] [duration=133ms] 
[2026-09-23 00:07:22.251][DBG][Px45320][Tx34803][PipelineTask.cpp][L250][MaaNS::TaskNS::PipelineTask::recognize_list] [cur_node_=弹窗守卫] [list=[{"anchor":false,"jump_back":false,"name":"弹窗守卫"}]] | enter 
[2026-09-23 00:07:22.251][INF][Px45320][Tx34803][Utils/EventDispatcher.hpp][L65][MaaNS::EventDispatcher::notify] !!!OnEventNotify!!! [handle=true] [msg=Node.NextList.Starting] [details={"focus":null,"list":[{"anchor":false,"jump_back":false,"name":"弹窗守卫"}],"name":"弹窗守卫","task_id":200000003}] 
[2026-09-23 00:07:22.251][DBG][Px45320][Tx34803][PipelineTask.cpp][L367][MaaNS::TaskNS::PipelineTask::prepare_batch_ocr] batch OCR not needed, eligible OCR nodes < 2 [ctx.plan.entries.size()=0] 
[2026-09-23 00:07:22.251][DBG][Px45320][Tx34803][TaskBase.cpp][L61][MaaNS::TaskNS::TaskBase::run_recognition] [cur_node_=弹窗守卫] [data.name=弹窗守卫] | enter 
[2026-09-23 00:07:22.251][INF][Px45320][Tx34803][Utils/EventDispatcher.hpp][L65][MaaNS::EventDispatcher::notify] !!!OnEventNotify!!! [handle=true] [msg=Node.Recognition.Starting] [details={"focus":null,"name":"弹窗守卫","reco_id":400000526,"task_id":200000003}] 
[2026-09-23 00:07:22.251][DBG][Px45320][Tx34803][Recognizer.cpp][L136][MaaNS::TaskNS::Recognizer::direct_hit] 弹窗守卫 
[2026-09-23 00:07:22.251][INF][Px45320][Tx34803][Recognizer.cpp][L103][MaaNS::TaskNS::Recognizer::recognize] reco [result={"algorithm":"DirectHit","box":[0,0,720,1280],"detail":null,"name":"弹窗守卫","reco_id":400000526}] 
[2026-09-23 00:07:22.251][INF][Px45320][Tx34803][Utils/EventDispatcher.hpp][L65][MaaNS::EventDispatcher::notify] !!!OnEventNotify!!! [handle=true] [msg=Node.Recognition.Succeeded] [details={"focus":null,"name":"弹窗守卫","reco_details":{"algorithm":"DirectHit","box":[0,0,720,1280],"detail":null,"name":"弹窗守卫","reco_id":400000526},"reco_id":400000526,"task_id":200000003}] 
[2026-09-23 00:07:22.251][TRC][Px45320][Tx34803][TaskBase.cpp][L61][MaaNS::TaskNS::TaskBase::run_recognition] | leave, 0ms 
[2026-09-23 00:07:22.251][INF][Px45320][Tx34803][PipelineTask.cpp][L312][MaaNS::TaskNS::PipelineTask::recognize_list] reco hit [result.name=弹窗守卫] [result.box=[0,0,720,1280]] 
[2026-09-23 00:07:22.251][INF][Px45320][Tx34803][Utils/EventDispatcher.hpp][L65][MaaNS::EventDispatcher::notify] !!!OnEventNotify!!! [handle=true] [msg=Node.NextList.Succeeded] [details={"focus":null,"list":[{"anchor":false,"jump_back":false,"name":"弹窗守卫"}],"name":"弹窗守卫","task_id":200000003}] 
[2026-09-23 00:07:22.251][TRC][Px45320][Tx34803][PipelineTask.cpp][L250][MaaNS::TaskNS::PipelineTask::recognize_list] | leave, 0ms 
[2026-09-23 00:07:22.251][DBG][Px45320][Tx34803][TaskBase.cpp][L215][MaaNS::TaskNS::TaskBase::sleep] 0ms 
[2026-09-23 00:07:22.251][INF][Px45320][Tx34803][Utils/EventDispatcher.hpp][L65][MaaNS::EventDispatcher::notify] !!!OnEventNotify!!! [handle=true] [msg=Node.Action.Starting] [details={"action_id":500000178,"focus":null,"name":"弹窗守卫","task_id":200000003}] 
[2026-09-23 00:07:22.251][TRC][Px45320][Tx34803][Actuator.cpp][L27][MaaNS::TaskNS::Actuator::run] [pipeline_data.name=弹窗守卫] 
[2026-09-23 00:07:22.251][INF][Px45320][Tx34803][TaskBase.cpp][L137][MaaNS::TaskNS::TaskBase::run_action] action [i=0] [data.repeat=1] [result={"action":"DoNothing","action_id":500000178,"box":[0,0,0,0],"detail":{},"name":"弹窗守卫","success":true}] 
[2026-09-23 00:07:22.251][INF][Px45320][Tx34803][Utils/EventDispatcher.hpp][L65][MaaNS::EventDispatcher::notify] !!!OnEventNotify!!! [handle=true] [msg=Node.Action.Succeeded] [details={"action_details":{"action":"DoNothing","action_id":500000178,"box":[0,0,0,0],"detail":{},"name":"弹窗守卫","success":true},"action_id":500000178,"focus":null,"name":"弹窗守卫","task_id":200000003}] 
[2026-09-23 00:07:22.251][DBG][Px45320][Tx34803][TaskBase.cpp][L215][MaaNS::TaskNS::TaskBase::sleep] 150ms 
[2026-09-23 00:07:22.402][INF][Px45320][Tx34803][PipelineTask.cpp][L224][MaaNS::TaskNS::PipelineTask::run_next] PipelineTask node done [result={"action_id":500000178,"completed":true,"name":"弹窗守卫","node_id":300000178,"reco_id":400000526}] [task_id_=200000003] 
[2026-09-23 00:07:22.402][INF][Px45320][Tx34803][Utils/EventDispatcher.hpp][L65][MaaNS::EventDispatcher::notify] !!!OnEventNotify!!! [handle=true] [msg=Node.PipelineNode.Succeeded] [details={"action_details":{"action":"DoNothing","action_id":500000178,"box":[0,0,0,0],"detail":{},"name":"弹窗守卫","success":true},"focus":null,"name":"弹窗守卫","node_details":{"action_id":500000178,"completed":true,"name":"弹窗守卫","node_id":300000178,"reco_id":400000526},"node_id":300000178,"reco_details":{"algorithm":"DirectHit","box":[0,0,720,1280],"detail":null,"name":"弹窗守卫","reco_id":400000526},"task_id":200000003}] 
[2026-09-23 00:07:22.402][INF][Px45320][Tx34803][Utils/EventDispatcher.hpp][L65][MaaNS::EventDispatcher::notify] !!!OnEventNotify!!! [handle=true] [msg=Node.PipelineNode.Starting] [details={"focus":null,"name":"弹窗守卫","node_id":300000179,"task_id":200000003}] 
[2026-09-23 00:07:22.407][DBG][Px45320][Tx42061][ChildPipeIOStream.cpp][L84][MaaNS::ChildPipeIOStream::ChildPipeIOStream] [exec_=D:/MuMuPlayer-12.0/shell/adb.exe] [args_=["-s","127.0.0.1:16416","exec-out","screencap | gzip -1"]] [child_.id()=45344] 
[2026-09-23 00:07:22.561][DBG][Px45320][Tx42061][UnitBase.cpp][L58][MaaNS::CtrlUnitNs::UnitBase::startup_and_read_pipe] [output.size()=634950] [duration=158ms] 
[2026-09-23 00:07:22.578][DBG][Px45320][Tx34803][PipelineTask.cpp][L250][MaaNS::TaskNS::PipelineTask::recognize_list] [cur_node_=弹窗守卫] [list=[{"anchor":false,"jump_back":false,"name":"答题弹窗_先选择"},{"anchor":false,"jump_back":false,"name":"课程提醒_关闭"},{"anchor":false,"jump_back":false,"name":"存储提示_白色_取消"},{"anchor":false,"jump_back":false,"name":"存储提示_深色_知道了"},{"anchor":false,"jump_back":false,"name":"守卫空转"}]] | enter 
[2026-09-23 00:07:22.578][INF][Px45320][Tx34803][Utils/EventDispatcher.hpp][L65][MaaNS::EventDispatcher::notify] !!!OnEventNotify!!! [handle=true] [msg=Node.NextList.Starting] [details={"focus":null,"list":[{"anchor":false,"jump_back":false,"name":"答题弹窗_先选择"},{"anchor":false,"jump_back":false,"name":"课程提醒_关闭"},{"anchor":false,"jump_back":false,"name":"存储提示_白色_取消"},{"anchor":false,"jump_back":false,"name":"存储提示_深色_知道了"},{"anchor":false,"jump_back":false,"name":"守卫空转"}],"name":"弹窗守卫","task_id":200000003}] 
[2026-09-23 00:07:22.578][DBG][Px45320][Tx34803][PipelineTask.cpp][L367][MaaNS::TaskNS::PipelineTask::prepare_batch_ocr] batch OCR not needed, eligible OCR nodes < 2 [ctx.plan.entries.size()=0] 
[2026-09-23 00:07:22.578][DBG][Px45320][Tx34803][TaskBase.cpp][L61][MaaNS::TaskNS::TaskBase::run_recognition] [cur_node_=弹窗守卫] [data.name=答题弹窗_先选择] | enter 
[2026-09-23 00:07:22.578][INF][Px45320][Tx34803][Utils/EventDispatcher.hpp][L65][MaaNS::EventDispatcher::notify] !!!OnEventNotify!!! [handle=true] [msg=Node.Recognition.Starting] [details={"focus":null,"name":"答题弹窗_先选择","reco_id":400000527,"task_id":200000003}] 
[2026-09-23 00:07:22.586][DBG][Px45320][Tx34803][TemplateMatcher.cpp][L45][MaaNS::VisionNS::TemplateMatcher::analyze] 答题弹窗_先选择 [all_results_=[{"box":[140,207,80,38],"score":0.233674},{"box":[140,207,80,38],"score":0.255002},{"box":[145,217,80,38],"score":0.262601}]] [filtered_results_=[]] [best_result_=null] [cost=7ms] [param_.template_=["popup_quiz_judgement_title.png","popup_quiz_single_title.png","popup_quiz_multi_title.png"]] [templates_.size()=3] [param_.thresholds=[0.820000,0.820000,0.820000]] [param_.method=5] [param_.green_mask=false] 
[2026-09-23 00:07:22.586][INF][Px45320][Tx34803][Recognizer.cpp][L103][MaaNS::TaskNS::Recognizer::recognize] reco [result={"algorithm":"TemplateMatch","box":null,"detail":{"all":[{"box":[140,207,80,38],"score":0.233674},{"box":[140,207,80,38],"score":0.255002},{"box":[145,217,80,38],"score":0.262601}],"best":null,"filtered":[]},"name":"答题弹窗_先选择","reco_id":400000527}] 
[2026-09-23 00:07:22.586][INF][Px45320][Tx34803][Utils/EventDispatcher.hpp][L65][MaaNS::EventDispatcher::notify] !!!OnEventNotify!!! [handle=true] [msg=Node.Recognition.Failed] [details={"focus":null,"name":"答题弹窗_先选择","reco_details":{"algorithm":"TemplateMatch","box":null,"detail":{"all":[{"box":[140,207,80,38],"score":0.233674},{"box":[140,207,80,38],"score":0.255002},{"box":[145,217,80,38],"score":0.262601}],"best":null,"filtered":[]},"name":"答题弹窗_先选择","reco_id":400000527},"reco_id":400000527,"task_id":200000003}] 
[2026-09-23 00:07:22.586][TRC][Px45320][Tx34803][TaskBase.cpp][L61][MaaNS::TaskNS::TaskBase::run_recognition] | leave, 7ms 
[2026-09-23 00:07:22.586][DBG][Px45320][Tx34803][TaskBase.cpp][L61][MaaNS::TaskNS::TaskBase::run_recognition] [cur_node_=弹窗守卫] [data.name=课程提醒_关闭] | enter 
[2026-09-23 00:07:22.586][INF][Px45320][Tx34803][Utils/EventDispatcher.hpp][L65][MaaNS::EventDispatcher::notify] !!!OnEventNotify!!! [handle=true] [msg=Node.Recognition.Starting] [details={"focus":null,"name":"课程提醒_关闭","reco_id":400000528,"task_id":200000003}] 
[2026-09-23 00:07:22.589][DBG][Px45320][Tx34803][TemplateMatcher.cpp][L45][MaaNS::VisionNS::TemplateMatcher::analyze] 课程提醒_关闭 [all_results_=[{"box":[304,379,170,75],"score":0.415630}]] [filtered_results_=[]] [best_result_=null] [cost=2ms] [param_.template_=["popup_course_reminder_title.png"]] [templates_.size()=1] [param_.thresholds=[0.720000]] [param_.method=5] [param_.green_mask=false] 
[2026-09-23 00:07:22.589][INF][Px45320][Tx34803][Recognizer.cpp][L103][MaaNS::TaskNS::Recognizer::recognize] reco [result={"algorithm":"TemplateMatch","box":null,"detail":{"all":[{"box":[304,379,170,75],"score":0.415630}],"best":null,"filtered":[]},"name":"课程提醒_关闭","reco_id":400000528}] 
[2026-09-23 00:07:22.589][INF][Px45320][Tx34803][Utils/EventDispatcher.hpp][L65][MaaNS::EventDispatcher::notify] !!!OnEventNotify!!! [handle=true] [msg=Node.Recognition.Failed] [details={"focus":null,"name":"课程提醒_关闭","reco_details":{"algorithm":"TemplateMatch","box":null,"detail":{"all":[{"box":[304,379,170,75],"score":0.415630}],"best":null,"filtered":[]},"name":"课程提醒_关闭","reco_id":400000528},"reco_id":400000528,"task_id":200000003}] 
[2026-09-23 00:07:22.589][TRC][Px45320][Tx34803][TaskBase.cpp][L61][MaaNS::TaskNS::TaskBase::run_recognition] | leave, 2ms 
[2026-09-23 00:07:22.589][DBG][Px45320][Tx34803][TaskBase.cpp][L61][MaaNS::TaskNS::TaskBase::run_recognition] [cur_node_=弹窗守卫] [data.name=存储提示_白色_取消] | enter 
[2026-09-23 00:07:22.589][INF][Px45320][Tx34803][Utils/EventDispatcher.hpp][L65][MaaNS::EventDispatcher::notify] !!!OnEventNotify!!! [handle=true] [msg=Node.Recognition.Starting] [details={"focus":null,"name":"存储提示_白色_取消","reco_id":400000529,"task_id":200000003}] 
[2026-09-23 00:07:22.591][DBG][Px45320][Tx34803][TemplateMatcher.cpp][L45][MaaNS::VisionNS::TemplateMatcher::analyze] 存储提示_白色_取消 [all_results_=[]] [filtered_results_=[]] [best_result_=null] [cost=2ms] [param_.template_=["popup_storage_white_title.png"]] [templates_.size()=1] [param_.thresholds=[0.720000]] [param_.method=5] [param_.green_mask=false] 
[2026-09-23 00:07:22.591][INF][Px45320][Tx34803][Recognizer.cpp][L103][MaaNS::TaskNS::Recognizer::recognize] reco [result={"algorithm":"TemplateMatch","box":null,"detail":{"all":[],"best":null,"filtered":[]},"name":"存储提示_白色_取消","reco_id":400000529}] 
[2026-09-23 00:07:22.591][INF][Px45320][Tx34803][Utils/EventDispatcher.hpp][L65][MaaNS::EventDispatcher::notify] !!!OnEventNotify!!! [handle=true] [msg=Node.Recognition.Failed] [details={"focus":null,"name":"存储提示_白色_取消","reco_details":{"algorithm":"TemplateMatch","box":null,"detail":{"all":[],"best":null,"filtered":[]},"name":"存储提示_白色_取消","reco_id":400000529},"reco_id":400000529,"task_id":200000003}] 
[2026-09-23 00:07:22.591][TRC][Px45320][Tx34803][TaskBase.cpp][L61][MaaNS::TaskNS::TaskBase::run_recognition] | leave, 2ms 
[2026-09-23 00:07:22.591][DBG][Px45320][Tx34803][TaskBase.cpp][L61][MaaNS::TaskNS::TaskBase::run_recognition] [cur_node_=弹窗守卫] [data.name=存储提示_深色_知道了] | enter 
[2026-09-23 00:07:22.591][INF][Px45320][Tx34803][Utils/EventDispatcher.hpp][L65][MaaNS::EventDispatcher::notify] !!!OnEventNotify!!! [handle=true] [msg=Node.Recognition.Starting] [details={"focus":null,"name":"存储提示_深色_知道了","reco_id":400000530,"task_id":200000003}] 
[2026-09-23 00:07:22.594][DBG][Px45320][Tx34803][TemplateMatcher.cpp][L45][MaaNS::VisionNS::TemplateMatcher::analyze] 存储提示_深色_知道了 [all_results_=[]] [filtered_results_=[]] [best_result_=null] [cost=2ms] [param_.template_=["popup_storage_dark_title.png"]] [templates_.size()=1] [param_.thresholds=[0.720000]] [param_.method=5] [param_.green_mask=false] 
[2026-09-23 00:07:22.594][INF][Px45320][Tx34803][Recognizer.cpp][L103][MaaNS::TaskNS::Recognizer::recognize] reco [result={"algorithm":"TemplateMatch","box":null,"detail":{"all":[],"best":null,"filtered":[]},"name":"存储提示_深色_知道了","reco_id":400000530}] 
[2026-09-23 00:07:22.594][INF][Px45320][Tx34803][Utils/EventDispatcher.hpp][L65][MaaNS::EventDispatcher::notify] !!!OnEventNotify!!! [handle=true] [msg=Node.Recognition.Failed] [details={"focus":null,"name":"存储提示_深色_知道了","reco_details":{"algorithm":"TemplateMatch","box":null,"detail":{"all":[],"best":null,"filtered":[]},"name":"存储提示_深色_知道了","reco_id":400000530},"reco_id":400000530,"task_id":200000003}] 
[2026-09-23 00:07:22.594][TRC][Px45320][Tx34803][TaskBase.cpp][L61][MaaNS::TaskNS::TaskBase::run_recognition] | leave, 2ms 
[2026-09-23 00:07:22.594][DBG][Px45320][Tx34803][TaskBase.cpp][L61][MaaNS::TaskNS::TaskBase::run_recognition] [cur_node_=弹窗守卫] [data.name=守卫空转] | enter 
[2026-09-23 00:07:22.594][INF][Px45320][Tx34803][Utils/EventDispatcher.hpp][L65][MaaNS::EventDispatcher::notify] !!!OnEventNotify!!! [handle=true] [msg=Node.Recognition.Starting] [details={"focus":null,"name":"守卫空转","reco_id":400000531,"task_id":200000003}] 
[2026-09-23 00:07:22.594][DBG][Px45320][Tx34803][Recognizer.cpp][L136][MaaNS::TaskNS::Recognizer::direct_hit] 守卫空转 
[2026-09-23 00:07:22.594][INF][Px45320][Tx34803][Recognizer.cpp][L103][MaaNS::TaskNS::Recognizer::recognize] reco [result={"algorithm":"DirectHit","box":[0,0,720,1280],"detail":null,"name":"守卫空转","reco_id":400000531}] 
[2026-09-23 00:07:22.594][INF][Px45320][Tx34803][Utils/EventDispatcher.hpp][L65][MaaNS::EventDispatcher::notify] !!!OnEventNotify!!! [handle=true] [msg=Node.Recognition.Succeeded] [details={"focus":null,"name":"守卫空转","reco_details":{"algorithm":"DirectHit","box":[0,0,720,1280],"detail":null,"name":"守卫空转","reco_id":400000531},"reco_id":400000531,"task_id":200000003}] 
[2026-09-23 00:07:22.594][TRC][Px45320][Tx34803][TaskBase.cpp][L61][MaaNS::TaskNS::TaskBase::run_recognition] | leave, 0ms 
[2026-09-23 00:07:22.594][INF][Px45320][Tx34803][PipelineTask.cpp][L312][MaaNS::TaskNS::PipelineTask::recognize_list] reco hit [result.name=守卫空转] [result.box=[0,0,720,1280]] 
[2026-09-23 00:07:22.594][INF][Px45320][Tx34803][Utils/EventDispatcher.hpp][L65][MaaNS::EventDispatcher::notify] !!!OnEventNotify!!! [handle=true] [msg=Node.NextList.Succeeded] [details={"focus":null,"list":[{"anchor":false,"jump_back":false,"name":"答题弹窗_先选择"},{"anchor":false,"jump_back":false,"name":"课程提醒_关闭"},{"anchor":false,"jump_back":false,"name":"存储提示_白色_取消"},{"anchor":false,"jump_back":false,"name":"存储提示_深色_知道了"},{"anchor":false,"jump_back":false,"name":"守卫空转"}],"name":"弹窗守卫","task_id":200000003}] 
[2026-09-23 00:07:22.594][TRC][Px45320][Tx34803][PipelineTask.cpp][L250][MaaNS::TaskNS::PipelineTask::recognize_list] | leave, 15ms 
[2026-09-23 00:07:22.594][DBG][Px45320][Tx34803][TaskBase.cpp][L215][MaaNS::TaskNS::TaskBase::sleep] 0ms 
[2026-09-23 00:07:22.594][INF][Px45320][Tx34803][Utils/EventDispatcher.hpp][L65][MaaNS::EventDispatcher::notify] !!!OnEventNotify!!! [handle=true] [msg=Node.Action.Starting] [details={"action_id":500000179,"focus":null,"name":"守卫空转","task_id":200000003}] 
[2026-09-23 00:07:22.594][TRC][Px45320][Tx34803][Actuator.cpp][L27][MaaNS::TaskNS::Actuator::run] [pipeline_data.name=守卫空转] 
[2026-09-23 00:07:22.594][INF][Px45320][Tx34803][TaskBase.cpp][L137][MaaNS::TaskNS::TaskBase::run_action] action [i=0] [data.repeat=1] [result={"action":"DoNothing","action_id":500000179,"box":[0,0,0,0],"detail":{},"name":"守卫空转","success":true}] 
[2026-09-23 00:07:22.594][INF][Px45320][Tx34803][Utils/EventDispatcher.hpp][L65][MaaNS::EventDispatcher::notify] !!!OnEventNotify!!! [handle=true] [msg=Node.Action.Succeeded] [details={"action_details":{"action":"DoNothing","action_id":500000179,"box":[0,0,0,0],"detail":{},"name":"守卫空转","success":true},"action_id":500000179,"focus":null,"name":"守卫空转","task_id":200000003}] 
[2026-09-23 00:07:22.594][DBG][Px45320][Tx34803][TaskBase.cpp][L215][MaaNS::TaskNS::TaskBase::sleep] 400ms 
[2026-09-23 00:07:22.995][INF][Px45320][Tx34803][PipelineTask.cpp][L224][MaaNS::TaskNS::PipelineTask::run_next] PipelineTask node done [result={"action_id":500000179,"completed":true,"name":"守卫空转","node_id":300000179,"reco_id":400000531}] [task_id_=200000003] 
[2026-09-23 00:07:22.995][INF][Px45320][Tx34803][Utils/EventDispatcher.hpp][L65][MaaNS::EventDispatcher::notify] !!!OnEventNotify!!! [handle=true] [msg=Node.PipelineNode.Succeeded] [details={"action_details":{"action":"DoNothing","action_id":500000179,"box":[0,0,0,0],"detail":{},"name":"守卫空转","success":true},"focus":null,"name":"弹窗守卫","node_details":{"action_id":500000179,"completed":true,"name":"守卫空转","node_id":300000179,"reco_id":400000531},"node_id":300000179,"reco_details":{"algorithm":"DirectHit","box":[0,0,720,1280],"detail":null,"name":"守卫空转","reco_id":400000531},"task_id":200000003}] 
[2026-09-23 00:07:22.995][INF][Px45320][Tx34803][Utils/EventDispatcher.hpp][L65][MaaNS::EventDispatcher::notify] !!!OnEventNotify!!! [handle=true] [msg=Node.PipelineNode.Starting] [details={"focus":null,"name":"守卫空转","node_id":300000180,"task_id":200000003}] 
[2026-09-23 00:07:22.999][DBG][Px45320][Tx42061][ChildPipeIOStream.cpp][L84][MaaNS::ChildPipeIOStream::ChildPipeIOStream] [exec_=D:/MuMuPlayer-12.0/shell/adb.exe] [args_=["-s","127.0.0.1:16416","exec-out","screencap | gzip -1"]] [child_.id()=5960] 
[2026-09-23 00:07:23.124][DBG][Px45320][Tx42061][UnitBase.cpp][L58][MaaNS::CtrlUnitNs::UnitBase::startup_and_read_pipe] [output.size()=632545] [duration=129ms] 
[2026-09-23 00:07:23.142][DBG][Px45320][Tx34803][PipelineTask.cpp][L250][MaaNS::TaskNS::PipelineTask::recognize_list] [cur_node_=守卫空转] [list=[{"anchor":false,"jump_back":false,"name":"弹窗守卫"}]] | enter 
[2026-09-23 00:07:23.142][INF][Px45320][Tx34803][Utils/EventDispatcher.hpp][L65][MaaNS::EventDispatcher::notify] !!!OnEventNotify!!! [handle=true] [msg=Node.NextList.Starting] [details={"focus":null,"list":[{"anchor":false,"jump_back":false,"name":"弹窗守卫"}],"name":"守卫空转","task_id":200000003}] 
[2026-09-23 00:07:23.142][DBG][Px45320][Tx34803][PipelineTask.cpp][L367][MaaNS::TaskNS::PipelineTask::prepare_batch_ocr] batch OCR not needed, eligible OCR nodes < 2 [ctx.plan.entries.size()=0] 
[2026-09-23 00:07:23.142][DBG][Px45320][Tx34803][TaskBase.cpp][L61][MaaNS::TaskNS::TaskBase::run_recognition] [cur_node_=守卫空转] [data.name=弹窗守卫] | enter 
[2026-09-23 00:07:23.142][INF][Px45320][Tx34803][Utils/EventDispatcher.hpp][L65][MaaNS::EventDispatcher::notify] !!!OnEventNotify!!! [handle=true] [msg=Node.Recognition.Starting] [details={"focus":null,"name":"弹窗守卫","reco_id":400000532,"task_id":200000003}] 
[2026-09-23 00:07:23.142][DBG][Px45320][Tx34803][Recognizer.cpp][L136][MaaNS::TaskNS::Recognizer::direct_hit] 弹窗守卫 
[2026-09-23 00:07:23.142][INF][Px45320][Tx34803][Recognizer.cpp][L103][MaaNS::TaskNS::Recognizer::recognize] reco [result={"algorithm":"DirectHit","box":[0,0,720,1280],"detail":null,"name":"弹窗守卫","reco_id":400000532}] 
[2026-09-23 00:07:23.142][INF][Px45320][Tx34803][Utils/EventDispatcher.hpp][L65][MaaNS::EventDispatcher::notify] !!!OnEventNotify!!! [handle=true] [msg=Node.Recognition.Succeeded] [details={"focus":null,"name":"弹窗守卫","reco_details":{"algorithm":"DirectHit","box":[0,0,720,1280],"detail":null,"name":"弹窗守卫","reco_id":400000532},"reco_id":400000532,"task_id":200000003}] 
[2026-09-23 00:07:23.142][TRC][Px45320][Tx34803][TaskBase.cpp][L61][MaaNS::TaskNS::TaskBase::run_recognition] | leave, 0ms 
[2026-09-23 00:07:23.142][INF][Px45320][Tx34803][PipelineTask.cpp][L312][MaaNS::TaskNS::PipelineTask::recognize_list] reco hit [result.name=弹窗守卫] [result.box=[0,0,720,1280]] 
[2026-09-23 00:07:23.142][INF][Px45320][Tx34803][Utils/EventDispatcher.hpp][L65][MaaNS::EventDispatcher::notify] !!!OnEventNotify!!! [handle=true] [msg=Node.NextList.Succeeded] [details={"focus":null,"list":[{"anchor":false,"jump_back":false,"name":"弹窗守卫"}],"name":"守卫空转","task_id":200000003}] 
[2026-09-23 00:07:23.142][TRC][Px45320][Tx34803][PipelineTask.cpp][L250][MaaNS::TaskNS::PipelineTask::recognize_list] | leave, 0ms 
[2026-09-23 00:07:23.142][DBG][Px45320][Tx34803][TaskBase.cpp][L215][MaaNS::TaskNS::TaskBase::sleep] 0ms 
[2026-09-23 00:07:23.142][INF][Px45320][Tx34803][Utils/EventDispatcher.hpp][L65][MaaNS::EventDispatcher::notify] !!!OnEventNotify!!! [handle=true] [msg=Node.Action.Starting] [details={"action_id":500000180,"focus":null,"name":"弹窗守卫","task_id":200000003}] 
[2026-09-23 00:07:23.142][TRC][Px45320][Tx34803][Actuator.cpp][L27][MaaNS::TaskNS::Actuator::run] [pipeline_data.name=弹窗守卫] 
[2026-09-23 00:07:23.142][INF][Px45320][Tx34803][TaskBase.cpp][L137][MaaNS::TaskNS::TaskBase::run_action] action [i=0] [data.repeat=1] [result={"action":"DoNothing","action_id":500000180,"box":[0,0,0,0],"detail":{},"name":"弹窗守卫","success":true}] 
[2026-09-23 00:07:23.142][INF][Px45320][Tx34803][Utils/EventDispatcher.hpp][L65][MaaNS::EventDispatcher::notify] !!!OnEventNotify!!! [handle=true] [msg=Node.Action.Succeeded] [details={"action_details":{"action":"DoNothing","action_id":500000180,"box":[0,0,0,0],"detail":{},"name":"弹窗守卫","success":true},"action_id":500000180,"focus":null,"name":"弹窗守卫","task_id":200000003}] 
[2026-09-23 00:07:23.142][DBG][Px45320][Tx34803][TaskBase.cpp][L215][MaaNS::TaskNS::TaskBase::sleep] 150ms 
[2026-09-23 00:07:23.294][INF][Px45320][Tx34803][PipelineTask.cpp][L224][MaaNS::TaskNS::PipelineTask::run_next] PipelineTask node done [result={"action_id":500000180,"completed":true,"name":"弹窗守卫","node_id":300000180,"reco_id":400000532}] [task_id_=200000003] 
[2026-09-23 00:07:23.294][INF][Px45320][Tx34803][Utils/EventDispatcher.hpp][L65][MaaNS::EventDispatcher::notify] !!!OnEventNotify!!! [handle=true] [msg=Node.PipelineNode.Succeeded] [details={"action_details":{"action":"DoNothing","action_id":500000180,"box":[0,0,0,0],"detail":{},"name":"弹窗守卫","success":true},"focus":null,"name":"守卫空转","node_details":{"action_id":500000180,"completed":true,"name":"弹窗守卫","node_id":300000180,"reco_id":400000532},"node_id":300000180,"reco_details":{"algorithm":"DirectHit","box":[0,0,720,1280],"detail":null,"name":"弹窗守卫","reco_id":400000532},"task_id":200000003}] 
[2026-09-23 00:07:23.294][INF][Px45320][Tx34803][Utils/EventDispatcher.hpp][L65][MaaNS::EventDispatcher::notify] !!!OnEventNotify!!! [handle=true] [msg=Node.PipelineNode.Starting] [details={"focus":null,"name":"弹窗守卫","node_id":300000181,"task_id":200000003}] 
[2026-09-23 00:07:23.298][DBG][Px45320][Tx42061][ChildPipeIOStream.cpp][L84][MaaNS::ChildPipeIOStream::ChildPipeIOStream] [exec_=D:/MuMuPlayer-12.0/shell/adb.exe] [args_=["-s","127.0.0.1:16416","exec-out","screencap | gzip -1"]] [child_.id()=47064] 
[2026-09-23 00:07:23.435][DBG][Px45320][Tx42061][UnitBase.cpp][L58][MaaNS::CtrlUnitNs::UnitBase::startup_and_read_pipe] [output.size()=629653] [duration=141ms] 
[2026-09-23 00:07:23.451][DBG][Px45320][Tx34803][PipelineTask.cpp][L250][MaaNS::TaskNS::PipelineTask::recognize_list] [cur_node_=弹窗守卫] [list=[{"anchor":false,"jump_back":false,"name":"答题弹窗_先选择"},{"anchor":false,"jump_back":false,"name":"课程提醒_关闭"},{"anchor":false,"jump_back":false,"name":"存储提示_白色_取消"},{"anchor":false,"jump_back":false,"name":"存储提示_深色_知道了"},{"anchor":false,"jump_back":false,"name":"守卫空转"}]] | enter 
[2026-09-23 00:07:23.451][INF][Px45320][Tx34803][Utils/EventDispatcher.hpp][L65][MaaNS::EventDispatcher::notify] !!!OnEventNotify!!! [handle=true] [msg=Node.NextList.Starting] [details={"focus":null,"list":[{"anchor":false,"jump_back":false,"name":"答题弹窗_先选择"},{"anchor":false,"jump_back":false,"name":"课程提醒_关闭"},{"anchor":false,"jump_back":false,"name":"存储提示_白色_取消"},{"anchor":false,"jump_back":false,"name":"存储提示_深色_知道了"},{"anchor":false,"jump_back":false,"name":"守卫空转"}],"name":"弹窗守卫","task_id":200000003}] 
[2026-09-23 00:07:23.451][DBG][Px45320][Tx34803][PipelineTask.cpp][L367][MaaNS::TaskNS::PipelineTask::prepare_batch_ocr] batch OCR not needed, eligible OCR nodes < 2 [ctx.plan.entries.size()=0] 
[2026-09-23 00:07:23.451][DBG][Px45320][Tx34803][TaskBase.cpp][L61][MaaNS::TaskNS::TaskBase::run_recognition] [cur_node_=弹窗守卫] [data.name=答题弹窗_先选择] | enter 
[2026-09-23 00:07:23.451][INF][Px45320][Tx34803][Utils/EventDispatcher.hpp][L65][MaaNS::EventDispatcher::notify] !!!OnEventNotify!!! [handle=true] [msg=Node.Recognition.Starting] [details={"focus":null,"name":"答题弹窗_先选择","reco_id":400000533,"task_id":200000003}] 
[2026-09-23 00:07:23.459][DBG][Px45320][Tx34803][TemplateMatcher.cpp][L45][MaaNS::VisionNS::TemplateMatcher::analyze] 答题弹窗_先选择 [all_results_=[{"box":[140,207,80,38],"score":0.233724},{"box":[140,207,80,38],"score":0.255059},{"box":[145,217,80,38],"score":0.262552}]] [filtered_results_=[]] [best_result_=null] [cost=7ms] [param_.template_=["popup_quiz_judgement_title.png","popup_quiz_single_title.png","popup_quiz_multi_title.png"]] [templates_.size()=3] [param_.thresholds=[0.820000,0.820000,0.820000]] [param_.method=5] [param_.green_mask=false] 
[2026-09-23 00:07:23.459][INF][Px45320][Tx34803][Recognizer.cpp][L103][MaaNS::TaskNS::Recognizer::recognize] reco [result={"algorithm":"TemplateMatch","box":null,"detail":{"all":[{"box":[140,207,80,38],"score":0.233724},{"box":[140,207,80,38],"score":0.255059},{"box":[145,217,80,38],"score":0.262552}],"best":null,"filtered":[]},"name":"答题弹窗_先选择","reco_id":400000533}] 
[2026-09-23 00:07:23.459][INF][Px45320][Tx34803][Utils/EventDispatcher.hpp][L65][MaaNS::EventDispatcher::notify] !!!OnEventNotify!!! [handle=true] [msg=Node.Recognition.Failed] [details={"focus":null,"name":"答题弹窗_先选择","reco_details":{"algorithm":"TemplateMatch","box":null,"detail":{"all":[{"box":[140,207,80,38],"score":0.233724},{"box":[140,207,80,38],"score":0.255059},{"box":[145,217,80,38],"score":0.262552}],"best":null,"filtered":[]},"name":"答题弹窗_先选择","reco_id":400000533},"reco_id":400000533,"task_id":200000003}] 
[2026-09-23 00:07:23.459][TRC][Px45320][Tx34803][TaskBase.cpp][L61][MaaNS::TaskNS::TaskBase::run_recognition] | leave, 7ms 
[2026-09-23 00:07:23.459][DBG][Px45320][Tx34803][TaskBase.cpp][L61][MaaNS::TaskNS::TaskBase::run_recognition] [cur_node_=弹窗守卫] [data.name=课程提醒_关闭] | enter 
[2026-09-23 00:07:23.459][INF][Px45320][Tx34803][Utils/EventDispatcher.hpp][L65][MaaNS::EventDispatcher::notify] !!!OnEventNotify!!! [handle=true] [msg=Node.Recognition.Starting] [details={"focus":null,"name":"课程提醒_关闭","reco_id":400000534,"task_id":200000003}] 
[2026-09-23 00:07:23.463][DBG][Px45320][Tx34803][TemplateMatcher.cpp][L45][MaaNS::VisionNS::TemplateMatcher::analyze] 课程提醒_关闭 [all_results_=[{"box":[250,379,170,75],"score":0.427152}]] [filtered_results_=[]] [best_result_=null] [cost=3ms] [param_.template_=["popup_course_reminder_title.png"]] [templates_.size()=1] [param_.thresholds=[0.720000]] [param_.method=5] [param_.green_mask=false] 
[2026-09-23 00:07:23.463][INF][Px45320][Tx34803][Recognizer.cpp][L103][MaaNS::TaskNS::Recognizer::recognize] reco [result={"algorithm":"TemplateMatch","box":null,"detail":{"all":[{"box":[250,379,170,75],"score":0.427152}],"best":null,"filtered":[]},"name":"课程提醒_关闭","reco_id":400000534}] 
[2026-09-23 00:07:23.463][INF][Px45320][Tx34803][Utils/EventDispatcher.hpp][L65][MaaNS::EventDispatcher::notify] !!!OnEventNotify!!! [handle=true] [msg=Node.Recognition.Failed] [details={"focus":null,"name":"课程提醒_关闭","reco_details":{"algorithm":"TemplateMatch","box":null,"detail":{"all":[{"box":[250,379,170,75],"score":0.427152}],"best":null,"filtered":[]},"name":"课程提醒_关闭","reco_id":400000534},"reco_id":400000534,"task_id":200000003}] 
[2026-09-23 00:07:23.463][TRC][Px45320][Tx34803][TaskBase.cpp][L61][MaaNS::TaskNS::TaskBase::run_recognition] | leave, 3ms 
[2026-09-23 00:07:23.463][DBG][Px45320][Tx34803][TaskBase.cpp][L61][MaaNS::TaskNS::TaskBase::run_recognition] [cur_node_=弹窗守卫] [data.name=存储提示_白色_取消] | enter 
[2026-09-23 00:07:23.463][INF][Px45320][Tx34803][Utils/EventDispatcher.hpp][L65][MaaNS::EventDispatcher::notify] !!!OnEventNotify!!! [handle=true] [msg=Node.Recognition.Starting] [details={"focus":null,"name":"存储提示_白色_取消","reco_id":400000535,"task_id":200000003}] 
[2026-09-23 00:07:23.466][DBG][Px45320][Tx34803][TemplateMatcher.cpp][L45][MaaNS::VisionNS::TemplateMatcher::analyze] 存储提示_白色_取消 [all_results_=[]] [filtered_results_=[]] [best_result_=null] [cost=2ms] [param_.template_=["popup_storage_white_title.png"]] [templates_.size()=1] [param_.thresholds=[0.720000]] [param_.method=5] [param_.green_mask=false] 
[2026-09-23 00:07:23.466][INF][Px45320][Tx34803][Recognizer.cpp][L103][MaaNS::TaskNS::Recognizer::recognize] reco [result={"algorithm":"TemplateMatch","box":null,"detail":{"all":[],"best":null,"filtered":[]},"name":"存储提示_白色_取消","reco_id":400000535}] 
[2026-09-23 00:07:23.466][INF][Px45320][Tx34803][Utils/EventDispatcher.hpp][L65][MaaNS::EventDispatcher::notify] !!!OnEventNotify!!! [handle=true] [msg=Node.Recognition.Failed] [details={"focus":null,"name":"存储提示_白色_取消","reco_details":{"algorithm":"TemplateMatch","box":null,"detail":{"all":[],"best":null,"filtered":[]},"name":"存储提示_白色_取消","reco_id":400000535},"reco_id":400000535,"task_id":200000003}] 
[2026-09-23 00:07:23.466][TRC][Px45320][Tx34803][TaskBase.cpp][L61][MaaNS::TaskNS::TaskBase::run_recognition] | leave, 2ms 
[2026-09-23 00:07:23.466][DBG][Px45320][Tx34803][TaskBase.cpp][L61][MaaNS::TaskNS::TaskBase::run_recognition] [cur_node_=弹窗守卫] [data.name=存储提示_深色_知道了] | enter 
[2026-09-23 00:07:23.466][INF][Px45320][Tx34803][Utils/EventDispatcher.hpp][L65][MaaNS::EventDispatcher::notify] !!!OnEventNotify!!! [handle=true] [msg=Node.Recognition.Starting] [details={"focus":null,"name":"存储提示_深色_知道了","reco_id":400000536,"task_id":200000003}] 
[2026-09-23 00:07:23.469][DBG][Px45320][Tx34803][TemplateMatcher.cpp][L45][MaaNS::VisionNS::TemplateMatcher::analyze] 存储提示_深色_知道了 [all_results_=[]] [filtered_results_=[]] [best_result_=null] [cost=2ms] [param_.template_=["popup_storage_dark_title.png"]] [templates_.size()=1] [param_.thresholds=[0.720000]] [param_.method=5] [param_.green_mask=false] 
[2026-09-23 00:07:23.469][INF][Px45320][Tx34803][Recognizer.cpp][L103][MaaNS::TaskNS::Recognizer::recognize] reco [result={"algorithm":"TemplateMatch","box":null,"detail":{"all":[],"best":null,"filtered":[]},"name":"存储提示_深色_知道了","reco_id":400000536}] 
[2026-09-23 00:07:23.469][INF][Px45320][Tx34803][Utils/EventDispatcher.hpp][L65][MaaNS::EventDispatcher::notify] !!!OnEventNotify!!! [handle=true] [msg=Node.Recognition.Failed] [details={"focus":null,"name":"存储提示_深色_知道了","reco_details":{"algorithm":"TemplateMatch","box":null,"detail":{"all":[],"best":null,"filtered":[]},"name":"存储提示_深色_知道了","reco_id":400000536},"reco_id":400000536,"task_id":200000003}] 
[2026-09-23 00:07:23.469][TRC][Px45320][Tx34803][TaskBase.cpp][L61][MaaNS::TaskNS::TaskBase::run_recognition] | leave, 2ms 
[2026-09-23 00:07:23.469][DBG][Px45320][Tx34803][TaskBase.cpp][L61][MaaNS::TaskNS::TaskBase::run_recognition] [cur_node_=弹窗守卫] [data.name=守卫空转] | enter 
[2026-09-23 00:07:23.469][INF][Px45320][Tx34803][Utils/EventDispatcher.hpp][L65][MaaNS::EventDispatcher::notify] !!!OnEventNotify!!! [handle=true] [msg=Node.Recognition.Starting] [details={"focus":null,"name":"守卫空转","reco_id":400000537,"task_id":200000003}] 
[2026-09-23 00:07:23.469][DBG][Px45320][Tx34803][Recognizer.cpp][L136][MaaNS::TaskNS::Recognizer::direct_hit] 守卫空转 
[2026-09-23 00:07:23.469][INF][Px45320][Tx34803][Recognizer.cpp][L103][MaaNS::TaskNS::Recognizer::recognize] reco [result={"algorithm":"DirectHit","box":[0,0,720,1280],"detail":null,"name":"守卫空转","reco_id":400000537}] 
[2026-09-23 00:07:23.469][INF][Px45320][Tx34803][Utils/EventDispatcher.hpp][L65][MaaNS::EventDispatcher::notify] !!!OnEventNotify!!! [handle=true] [msg=Node.Recognition.Succeeded] [details={"focus":null,"name":"守卫空转","reco_details":{"algorithm":"DirectHit","box":[0,0,720,1280],"detail":null,"name":"守卫空转","reco_id":400000537},"reco_id":400000537,"task_id":200000003}] 
[2026-09-23 00:07:23.469][TRC][Px45320][Tx34803][TaskBase.cpp][L61][MaaNS::TaskNS::TaskBase::run_recognition] | leave, 0ms 
[2026-09-23 00:07:23.469][INF][Px45320][Tx34803][PipelineTask.cpp][L312][MaaNS::TaskNS::PipelineTask::recognize_list] reco hit [result.name=守卫空转] [result.box=[0,0,720,1280]] 
[2026-09-23 00:07:23.469][INF][Px45320][Tx34803][Utils/EventDispatcher.hpp][L65][MaaNS::EventDispatcher::notify] !!!OnEventNotify!!! [handle=true] [msg=Node.NextList.Succeeded] [details={"focus":null,"list":[{"anchor":false,"jump_back":false,"name":"答题弹窗_先选择"},{"anchor":false,"jump_back":false,"name":"课程提醒_关闭"},{"anchor":false,"jump_back":false,"name":"存储提示_白色_取消"},{"anchor":false,"jump_back":false,"name":"存储提示_深色_知道了"},{"anchor":false,"jump_back":false,"name":"守卫空转"}],"name":"弹窗守卫","task_id":200000003}] 
[2026-09-23 00:07:23.469][TRC][Px45320][Tx34803][PipelineTask.cpp][L250][MaaNS::TaskNS::PipelineTask::recognize_list] | leave, 16ms 
[2026-09-23 00:07:23.469][DBG][Px45320][Tx34803][TaskBase.cpp][L215][MaaNS::TaskNS::TaskBase::sleep] 0ms 
[2026-09-23 00:07:23.469][INF][Px45320][Tx34803][Utils/EventDispatcher.hpp][L65][MaaNS::EventDispatcher::notify] !!!OnEventNotify!!! [handle=true] [msg=Node.Action.Starting] [details={"action_id":500000181,"focus":null,"name":"守卫空转","task_id":200000003}] 
[2026-09-23 00:07:23.469][TRC][Px45320][Tx34803][Actuator.cpp][L27][MaaNS::TaskNS::Actuator::run] [pipeline_data.name=守卫空转] 
[2026-09-23 00:07:23.469][INF][Px45320][Tx34803][TaskBase.cpp][L137][MaaNS::TaskNS::TaskBase::run_action] action [i=0] [data.repeat=1] [result={"action":"DoNothing","action_id":500000181,"box":[0,0,0,0],"detail":{},"name":"守卫空转","success":true}] 
[2026-09-23 00:07:23.469][INF][Px45320][Tx34803][Utils/EventDispatcher.hpp][L65][MaaNS::EventDispatcher::notify] !!!OnEventNotify!!! [handle=true] [msg=Node.Action.Succeeded] [details={"action_details":{"action":"DoNothing","action_id":500000181,"box":[0,0,0,0],"detail":{},"name":"守卫空转","success":true},"action_id":500000181,"focus":null,"name":"守卫空转","task_id":200000003}] 
[2026-09-23 00:07:23.469][DBG][Px45320][Tx34803][TaskBase.cpp][L215][MaaNS::TaskNS::TaskBase::sleep] 400ms 
[2026-09-23 00:07:23.870][INF][Px45320][Tx34803][PipelineTask.cpp][L224][MaaNS::TaskNS::PipelineTask::run_next] PipelineTask node done [result={"action_id":500000181,"completed":true,"name":"守卫空转","node_id":300000181,"reco_id":400000537}] [task_id_=200000003] 
[2026-09-23 00:07:23.870][INF][Px45320][Tx34803][Utils/EventDispatcher.hpp][L65][MaaNS::EventDispatcher::notify] !!!OnEventNotify!!! [handle=true] [msg=Node.PipelineNode.Succeeded] [details={"action_details":{"action":"DoNothing","action_id":500000181,"box":[0,0,0,0],"detail":{},"name":"守卫空转","success":true},"focus":null,"name":"弹窗守卫","node_details":{"action_id":500000181,"completed":true,"name":"守卫空转","node_id":300000181,"reco_id":400000537},"node_id":300000181,"reco_details":{"algorithm":"DirectHit","box":[0,0,720,1280],"detail":null,"name":"守卫空转","reco_id":400000537},"task_id":200000003}] 
[2026-09-23 00:07:23.870][INF][Px45320][Tx34803][Utils/EventDispatcher.hpp][L65][MaaNS::EventDispatcher::notify] !!!OnEventNotify!!! [handle=true] [msg=Node.PipelineNode.Starting] [details={"focus":null,"name":"守卫空转","node_id":300000182,"task_id":200000003}] 
[2026-09-23 00:07:23.874][DBG][Px45320][Tx42061][ChildPipeIOStream.cpp][L84][MaaNS::ChildPipeIOStream::ChildPipeIOStream] [exec_=D:/MuMuPlayer-12.0/shell/adb.exe] [args_=["-s","127.0.0.1:16416","exec-out","screencap | gzip -1"]] [child_.id()=46300] 
[2026-09-23 00:07:24.030][DBG][Px45320][Tx42061][UnitBase.cpp][L58][MaaNS::CtrlUnitNs::UnitBase::startup_and_read_pipe] [output.size()=637105] [duration=159ms] 
[2026-09-23 00:07:24.046][DBG][Px45320][Tx34803][PipelineTask.cpp][L250][MaaNS::TaskNS::PipelineTask::recognize_list] [cur_node_=守卫空转] [list=[{"anchor":false,"jump_back":false,"name":"弹窗守卫"}]] | enter 
[2026-09-23 00:07:24.046][INF][Px45320][Tx34803][Utils/EventDispatcher.hpp][L65][MaaNS::EventDispatcher::notify] !!!OnEventNotify!!! [handle=true] [msg=Node.NextList.Starting] [details={"focus":null,"list":[{"anchor":false,"jump_back":false,"name":"弹窗守卫"}],"name":"守卫空转","task_id":200000003}] 
[2026-09-23 00:07:24.046][DBG][Px45320][Tx34803][PipelineTask.cpp][L367][MaaNS::TaskNS::PipelineTask::prepare_batch_ocr] batch OCR not needed, eligible OCR nodes < 2 [ctx.plan.entries.size()=0] 
[2026-09-23 00:07:24.046][DBG][Px45320][Tx34803][TaskBase.cpp][L61][MaaNS::TaskNS::TaskBase::run_recognition] [cur_node_=守卫空转] [data.name=弹窗守卫] | enter 
[2026-09-23 00:07:24.046][INF][Px45320][Tx34803][Utils/EventDispatcher.hpp][L65][MaaNS::EventDispatcher::notify] !!!OnEventNotify!!! [handle=true] [msg=Node.Recognition.Starting] [details={"focus":null,"name":"弹窗守卫","reco_id":400000538,"task_id":200000003}] 
[2026-09-23 00:07:24.046][DBG][Px45320][Tx34803][Recognizer.cpp][L136][MaaNS::TaskNS::Recognizer::direct_hit] 弹窗守卫 
[2026-09-23 00:07:24.046][INF][Px45320][Tx34803][Recognizer.cpp][L103][MaaNS::TaskNS::Recognizer::recognize] reco [result={"algorithm":"DirectHit","box":[0,0,720,1280],"detail":null,"name":"弹窗守卫","reco_id":400000538}] 
[2026-09-23 00:07:24.047][INF][Px45320][Tx34803][Utils/EventDispatcher.hpp][L65][MaaNS::EventDispatcher::notify] !!!OnEventNotify!!! [handle=true] [msg=Node.Recognition.Succeeded] [details={"focus":null,"name":"弹窗守卫","reco_details":{"algorithm":"DirectHit","box":[0,0,720,1280],"detail":null,"name":"弹窗守卫","reco_id":400000538},"reco_id":400000538,"task_id":200000003}] 
[2026-09-23 00:07:24.047][TRC][Px45320][Tx34803][TaskBase.cpp][L61][MaaNS::TaskNS::TaskBase::run_recognition] | leave, 0ms 
[2026-09-23 00:07:24.047][INF][Px45320][Tx34803][PipelineTask.cpp][L312][MaaNS::TaskNS::PipelineTask::recognize_list] reco hit [result.name=弹窗守卫] [result.box=[0,0,720,1280]] 
[2026-09-23 00:07:24.047][INF][Px45320][Tx34803][Utils/EventDispatcher.hpp][L65][MaaNS::EventDispatcher::notify] !!!OnEventNotify!!! [handle=true] [msg=Node.NextList.Succeeded] [details={"focus":null,"list":[{"anchor":false,"jump_back":false,"name":"弹窗守卫"}],"name":"守卫空转","task_id":200000003}] 
[2026-09-23 00:07:24.047][TRC][Px45320][Tx34803][PipelineTask.cpp][L250][MaaNS::TaskNS::PipelineTask::recognize_list] | leave, 0ms 
[2026-09-23 00:07:24.047][DBG][Px45320][Tx34803][TaskBase.cpp][L215][MaaNS::TaskNS::TaskBase::sleep] 0ms 
[2026-09-23 00:07:24.047][INF][Px45320][Tx34803][Utils/EventDispatcher.hpp][L65][MaaNS::EventDispatcher::notify] !!!OnEventNotify!!! [handle=true] [msg=Node.Action.Starting] [details={"action_id":500000182,"focus":null,"name":"弹窗守卫","task_id":200000003}] 
[2026-09-23 00:07:24.047][TRC][Px45320][Tx34803][Actuator.cpp][L27][MaaNS::TaskNS::Actuator::run] [pipeline_data.name=弹窗守卫] 
[2026-09-23 00:07:24.047][INF][Px45320][Tx34803][TaskBase.cpp][L137][MaaNS::TaskNS::TaskBase::run_action] action [i=0] [data.repeat=1] [result={"action":"DoNothing","action_id":500000182,"box":[0,0,0,0],"detail":{},"name":"弹窗守卫","success":true}] 
[2026-09-23 00:07:24.047][INF][Px45320][Tx34803][Utils/EventDispatcher.hpp][L65][MaaNS::EventDispatcher::notify] !!!OnEventNotify!!! [handle=true] [msg=Node.Action.Succeeded] [details={"action_details":{"action":"DoNothing","action_id":500000182,"box":[0,0,0,0],"detail":{},"name":"弹窗守卫","success":true},"action_id":500000182,"focus":null,"name":"弹窗守卫","task_id":200000003}] 
[2026-09-23 00:07:24.047][DBG][Px45320][Tx34803][TaskBase.cpp][L215][MaaNS::TaskNS::TaskBase::sleep] 150ms 
[2026-09-23 00:07:24.198][INF][Px45320][Tx34803][PipelineTask.cpp][L224][MaaNS::TaskNS::PipelineTask::run_next] PipelineTask node done [result={"action_id":500000182,"completed":true,"name":"弹窗守卫","node_id":300000182,"reco_id":400000538}] [task_id_=200000003] 
[2026-09-23 00:07:24.198][INF][Px45320][Tx34803][Utils/EventDispatcher.hpp][L65][MaaNS::EventDispatcher::notify] !!!OnEventNotify!!! [handle=true] [msg=Node.PipelineNode.Succeeded] [details={"action_details":{"action":"DoNothing","action_id":500000182,"box":[0,0,0,0],"detail":{},"name":"弹窗守卫","success":true},"focus":null,"name":"守卫空转","node_details":{"action_id":500000182,"completed":true,"name":"弹窗守卫","node_id":300000182,"reco_id":400000538},"node_id":300000182,"reco_details":{"algorithm":"DirectHit","box":[0,0,720,1280],"detail":null,"name":"弹窗守卫","reco_id":400000538},"task_id":200000003}] 
[2026-09-23 00:07:24.198][INF][Px45320][Tx34803][Utils/EventDispatcher.hpp][L65][MaaNS::EventDispatcher::notify] !!!OnEventNotify!!! [handle=true] [msg=Node.PipelineNode.Starting] [details={"focus":null,"name":"弹窗守卫","node_id":300000183,"task_id":200000003}] 
[2026-09-23 00:07:24.202][DBG][Px45320][Tx42061][ChildPipeIOStream.cpp][L84][MaaNS::ChildPipeIOStream::ChildPipeIOStream] [exec_=D:/MuMuPlayer-12.0/shell/adb.exe] [args_=["-s","127.0.0.1:16416","exec-out","screencap | gzip -1"]] [child_.id()=39404] 
[2026-09-23 00:07:24.388][DBG][Px45320][Tx42061][UnitBase.cpp][L58][MaaNS::CtrlUnitNs::UnitBase::startup_and_read_pipe] [output.size()=635704] [duration=190ms] 
[2026-09-23 00:07:24.405][DBG][Px45320][Tx34803][PipelineTask.cpp][L250][MaaNS::TaskNS::PipelineTask::recognize_list] [cur_node_=弹窗守卫] [list=[{"anchor":false,"jump_back":false,"name":"答题弹窗_先选择"},{"anchor":false,"jump_back":false,"name":"课程提醒_关闭"},{"anchor":false,"jump_back":false,"name":"存储提示_白色_取消"},{"anchor":false,"jump_back":false,"name":"存储提示_深色_知道了"},{"anchor":false,"jump_back":false,"name":"守卫空转"}]] | enter 
[2026-09-23 00:07:24.405][INF][Px45320][Tx34803][Utils/EventDispatcher.hpp][L65][MaaNS::EventDispatcher::notify] !!!OnEventNotify!!! [handle=true] [msg=Node.NextList.Starting] [details={"focus":null,"list":[{"anchor":false,"jump_back":false,"name":"答题弹窗_先选择"},{"anchor":false,"jump_back":false,"name":"课程提醒_关闭"},{"anchor":false,"jump_back":false,"name":"存储提示_白色_取消"},{"anchor":false,"jump_back":false,"name":"存储提示_深色_知道了"},{"anchor":false,"jump_back":false,"name":"守卫空转"}],"name":"弹窗守卫","task_id":200000003}] 
[2026-09-23 00:07:24.405][DBG][Px45320][Tx34803][PipelineTask.cpp][L367][MaaNS::TaskNS::PipelineTask::prepare_batch_ocr] batch OCR not needed, eligible OCR nodes < 2 [ctx.plan.entries.size()=0] 
[2026-09-23 00:07:24.405][DBG][Px45320][Tx34803][TaskBase.cpp][L61][MaaNS::TaskNS::TaskBase::run_recognition] [cur_node_=弹窗守卫] [data.name=答题弹窗_先选择] | enter 
[2026-09-23 00:07:24.405][INF][Px45320][Tx34803][Utils/EventDispatcher.hpp][L65][MaaNS::EventDispatcher::notify] !!!OnEventNotify!!! [handle=true] [msg=Node.Recognition.Starting] [details={"focus":null,"name":"答题弹窗_先选择","reco_id":400000539,"task_id":200000003}] 
[2026-09-23 00:07:24.413][DBG][Px45320][Tx34803][TemplateMatcher.cpp][L45][MaaNS::VisionNS::TemplateMatcher::analyze] 答题弹窗_先选择 [all_results_=[{"box":[122,251,80,38],"score":0.273361},{"box":[140,207,80,38],"score":0.233774},{"box":[140,207,80,38],"score":0.255002}]] [filtered_results_=[]] [best_result_=null] [cost=7ms] [param_.template_=["popup_quiz_judgement_title.png","popup_quiz_single_title.png","popup_quiz_multi_title.png"]] [templates_.size()=3] [param_.thresholds=[0.820000,0.820000,0.820000]] [param_.method=5] [param_.green_mask=false] 
[2026-09-23 00:07:24.413][INF][Px45320][Tx34803][Recognizer.cpp][L103][MaaNS::TaskNS::Recognizer::recognize] reco [result={"algorithm":"TemplateMatch","box":null,"detail":{"all":[{"box":[122,251,80,38],"score":0.273361},{"box":[140,207,80,38],"score":0.233774},{"box":[140,207,80,38],"score":0.255002}],"best":null,"filtered":[]},"name":"答题弹窗_先选择","reco_id":400000539}] 
[2026-09-23 00:07:24.413][INF][Px45320][Tx34803][Utils/EventDispatcher.hpp][L65][MaaNS::EventDispatcher::notify] !!!OnEventNotify!!! [handle=true] [msg=Node.Recognition.Failed] [details={"focus":null,"name":"答题弹窗_先选择","reco_details":{"algorithm":"TemplateMatch","box":null,"detail":{"all":[{"box":[122,251,80,38],"score":0.273361},{"box":[140,207,80,38],"score":0.233774},{"box":[140,207,80,38],"score":0.255002}],"best":null,"filtered":[]},"name":"答题弹窗_先选择","reco_id":400000539},"reco_id":400000539,"task_id":200000003}] 
[2026-09-23 00:07:24.413][TRC][Px45320][Tx34803][TaskBase.cpp][L61][MaaNS::TaskNS::TaskBase::run_recognition] | leave, 7ms 
[2026-09-23 00:07:24.413][DBG][Px45320][Tx34803][TaskBase.cpp][L61][MaaNS::TaskNS::TaskBase::run_recognition] [cur_node_=弹窗守卫] [data.name=课程提醒_关闭] | enter 
[2026-09-23 00:07:24.413][INF][Px45320][Tx34803][Utils/EventDispatcher.hpp][L65][MaaNS::EventDispatcher::notify] !!!OnEventNotify!!! [handle=true] [msg=Node.Recognition.Starting] [details={"focus":null,"name":"课程提醒_关闭","reco_id":400000540,"task_id":200000003}] 
[2026-09-23 00:07:24.416][DBG][Px45320][Tx34803][TemplateMatcher.cpp][L45][MaaNS::VisionNS::TemplateMatcher::analyze] 课程提醒_关闭 [all_results_=[{"box":[250,379,170,75],"score":0.427030}]] [filtered_results_=[]] [best_result_=null] [cost=2ms] [param_.template_=["popup_course_reminder_title.png"]] [templates_.size()=1] [param_.thresholds=[0.720000]] [param_.method=5] [param_.green_mask=false] 
[2026-09-23 00:07:24.416][INF][Px45320][Tx34803][Recognizer.cpp][L103][MaaNS::TaskNS::Recognizer::recognize] reco [result={"algorithm":"TemplateMatch","box":null,"detail":{"all":[{"box":[250,379,170,75],"score":0.427030}],"best":null,"filtered":[]},"name":"课程提醒_关闭","reco_id":400000540}] 
[2026-09-23 00:07:24.416][INF][Px45320][Tx34803][Utils/EventDispatcher.hpp][L65][MaaNS::EventDispatcher::notify] !!!OnEventNotify!!! [handle=true] [msg=Node.Recognition.Failed] [details={"focus":null,"name":"课程提醒_关闭","reco_details":{"algorithm":"TemplateMatch","box":null,"detail":{"all":[{"box":[250,379,170,75],"score":0.427030}],"best":null,"filtered":[]},"name":"课程提醒_关闭","reco_id":400000540},"reco_id":400000540,"task_id":200000003}] 
[2026-09-23 00:07:24.416][TRC][Px45320][Tx34803][TaskBase.cpp][L61][MaaNS::TaskNS::TaskBase::run_recognition] | leave, 3ms 
[2026-09-23 00:07:24.416][DBG][Px45320][Tx34803][TaskBase.cpp][L61][MaaNS::TaskNS::TaskBase::run_recognition] [cur_node_=弹窗守卫] [data.name=存储提示_白色_取消] | enter 
[2026-09-23 00:07:24.416][INF][Px45320][Tx34803][Utils/EventDispatcher.hpp][L65][MaaNS::EventDispatcher::notify] !!!OnEventNotify!!! [handle=true] [msg=Node.Recognition.Starting] [details={"focus":null,"name":"存储提示_白色_取消","reco_id":400000541,"task_id":200000003}] 
[2026-09-23 00:07:24.419][DBG][Px45320][Tx34803][TemplateMatcher.cpp][L45][MaaNS::VisionNS::TemplateMatcher::analyze] 存储提示_白色_取消 [all_results_=[]] [filtered_results_=[]] [best_result_=null] [cost=2ms] [param_.template_=["popup_storage_white_title.png"]] [templates_.size()=1] [param_.thresholds=[0.720000]] [param_.method=5] [param_.green_mask=false] 
[2026-09-23 00:07:24.419][INF][Px45320][Tx34803][Recognizer.cpp][L103][MaaNS::TaskNS::Recognizer::recognize] reco [result={"algorithm":"TemplateMatch","box":null,"detail":{"all":[],"best":null,"filtered":[]},"name":"存储提示_白色_取消","reco_id":400000541}] 
[2026-09-23 00:07:24.419][INF][Px45320][Tx34803][Utils/EventDispatcher.hpp][L65][MaaNS::EventDispatcher::notify] !!!OnEventNotify!!! [handle=true] [msg=Node.Recognition.Failed] [details={"focus":null,"name":"存储提示_白色_取消","reco_details":{"algorithm":"TemplateMatch","box":null,"detail":{"all":[],"best":null,"filtered":[]},"name":"存储提示_白色_取消","reco_id":400000541},"reco_id":400000541,"task_id":200000003}] 
[2026-09-23 00:07:24.419][TRC][Px45320][Tx34803][TaskBase.cpp][L61][MaaNS::TaskNS::TaskBase::run_recognition] | leave, 2ms 
[2026-09-23 00:07:24.419][DBG][Px45320][Tx34803][TaskBase.cpp][L61][MaaNS::TaskNS::TaskBase::run_recognition] [cur_node_=弹窗守卫] [data.name=存储提示_深色_知道了] | enter 
[2026-09-23 00:07:24.419][INF][Px45320][Tx34803][Utils/EventDispatcher.hpp][L65][MaaNS::EventDispatcher::notify] !!!OnEventNotify!!! [handle=true] [msg=Node.Recognition.Starting] [details={"focus":null,"name":"存储提示_深色_知道了","reco_id":400000542,"task_id":200000003}] 
[2026-09-23 00:07:24.421][DBG][Px45320][Tx34803][TemplateMatcher.cpp][L45][MaaNS::VisionNS::TemplateMatcher::analyze] 存储提示_深色_知道了 [all_results_=[]] [filtered_results_=[]] [best_result_=null] [cost=2ms] [param_.template_=["popup_storage_dark_title.png"]] [templates_.size()=1] [param_.thresholds=[0.720000]] [param_.method=5] [param_.green_mask=false] 
[2026-09-23 00:07:24.421][INF][Px45320][Tx34803][Recognizer.cpp][L103][MaaNS::TaskNS::Recognizer::recognize] reco [result={"algorithm":"TemplateMatch","box":null,"detail":{"all":[],"best":null,"filtered":[]},"name":"存储提示_深色_知道了","reco_id":400000542}] 
[2026-09-23 00:07:24.421][INF][Px45320][Tx34803][Utils/EventDispatcher.hpp][L65][MaaNS::EventDispatcher::notify] !!!OnEventNotify!!! [handle=true] [msg=Node.Recognition.Failed] [details={"focus":null,"name":"存储提示_深色_知道了","reco_details":{"algorithm":"TemplateMatch","box":null,"detail":{"all":[],"best":null,"filtered":[]},"name":"存储提示_深色_知道了","reco_id":400000542},"reco_id":400000542,"task_id":200000003}] 
[2026-09-23 00:07:24.421][TRC][Px45320][Tx34803][TaskBase.cpp][L61][MaaNS::TaskNS::TaskBase::run_recognition] | leave, 2ms 
[2026-09-23 00:07:24.421][DBG][Px45320][Tx34803][TaskBase.cpp][L61][MaaNS::TaskNS::TaskBase::run_recognition] [cur_node_=弹窗守卫] [data.name=守卫空转] | enter 
[2026-09-23 00:07:24.421][INF][Px45320][Tx34803][Utils/EventDispatcher.hpp][L65][MaaNS::EventDispatcher::notify] !!!OnEventNotify!!! [handle=true] [msg=Node.Recognition.Starting] [details={"focus":null,"name":"守卫空转","reco_id":400000543,"task_id":200000003}] 
[2026-09-23 00:07:24.421][DBG][Px45320][Tx34803][Recognizer.cpp][L136][MaaNS::TaskNS::Recognizer::direct_hit] 守卫空转 
[2026-09-23 00:07:24.421][INF][Px45320][Tx34803][Recognizer.cpp][L103][MaaNS::TaskNS::Recognizer::recognize] reco [result={"algorithm":"DirectHit","box":[0,0,720,1280],"detail":null,"name":"守卫空转","reco_id":400000543}] 
[2026-09-23 00:07:24.421][INF][Px45320][Tx34803][Utils/EventDispatcher.hpp][L65][MaaNS::EventDispatcher::notify] !!!OnEventNotify!!! [handle=true] [msg=Node.Recognition.Succeeded] [details={"focus":null,"name":"守卫空转","reco_details":{"algorithm":"DirectHit","box":[0,0,720,1280],"detail":null,"name":"守卫空转","reco_id":400000543},"reco_id":400000543,"task_id":200000003}] 
[2026-09-23 00:07:24.421][TRC][Px45320][Tx34803][TaskBase.cpp][L61][MaaNS::TaskNS::TaskBase::run_recognition] | leave, 0ms 
[2026-09-23 00:07:24.421][INF][Px45320][Tx34803][PipelineTask.cpp][L312][MaaNS::TaskNS::PipelineTask::recognize_list] reco hit [result.name=守卫空转] [result.box=[0,0,720,1280]] 
[2026-09-23 00:07:24.421][INF][Px45320][Tx34803][Utils/EventDispatcher.hpp][L65][MaaNS::EventDispatcher::notify] !!!OnEventNotify!!! [handle=true] [msg=Node.NextList.Succeeded] [details={"focus":null,"list":[{"anchor":false,"jump_back":false,"name":"答题弹窗_先选择"},{"anchor":false,"jump_back":false,"name":"课程提醒_关闭"},{"anchor":false,"jump_back":false,"name":"存储提示_白色_取消"},{"anchor":false,"jump_back":false,"name":"存储提示_深色_知道了"},{"anchor":false,"jump_back":false,"name":"守卫空转"}],"name":"弹窗守卫","task_id":200000003}] 
[2026-09-23 00:07:24.421][TRC][Px45320][Tx34803][PipelineTask.cpp][L250][MaaNS::TaskNS::PipelineTask::recognize_list] | leave, 16ms 
[2026-09-23 00:07:24.421][DBG][Px45320][Tx34803][TaskBase.cpp][L215][MaaNS::TaskNS::TaskBase::sleep] 0ms 
[2026-09-23 00:07:24.421][INF][Px45320][Tx34803][Utils/EventDispatcher.hpp][L65][MaaNS::EventDispatcher::notify] !!!OnEventNotify!!! [handle=true] [msg=Node.Action.Starting] [details={"action_id":500000183,"focus":null,"name":"守卫空转","task_id":200000003}] 
[2026-09-23 00:07:24.421][TRC][Px45320][Tx34803][Actuator.cpp][L27][MaaNS::TaskNS::Actuator::run] [pipeline_data.name=守卫空转] 
[2026-09-23 00:07:24.421][INF][Px45320][Tx34803][TaskBase.cpp][L137][MaaNS::TaskNS::TaskBase::run_action] action [i=0] [data.repeat=1] [result={"action":"DoNothing","action_id":500000183,"box":[0,0,0,0],"detail":{},"name":"守卫空转","success":true}] 
[2026-09-23 00:07:24.421][INF][Px45320][Tx34803][Utils/EventDispatcher.hpp][L65][MaaNS::EventDispatcher::notify] !!!OnEventNotify!!! [handle=true] [msg=Node.Action.Succeeded] [details={"action_details":{"action":"DoNothing","action_id":500000183,"box":[0,0,0,0],"detail":{},"name":"守卫空转","success":true},"action_id":500000183,"focus":null,"name":"守卫空转","task_id":200000003}] 
[2026-09-23 00:07:24.421][DBG][Px45320][Tx34803][TaskBase.cpp][L215][MaaNS::TaskNS::TaskBase::sleep] 400ms 
[2026-09-23 00:07:24.823][INF][Px45320][Tx34803][PipelineTask.cpp][L224][MaaNS::TaskNS::PipelineTask::run_next] PipelineTask node done [result={"action_id":500000183,"completed":true,"name":"守卫空转","node_id":300000183,"reco_id":400000543}] [task_id_=200000003] 
[2026-09-23 00:07:24.823][INF][Px45320][Tx34803][Utils/EventDispatcher.hpp][L65][MaaNS::EventDispatcher::notify] !!!OnEventNotify!!! [handle=true] [msg=Node.PipelineNode.Succeeded] [details={"action_details":{"action":"DoNothing","action_id":500000183,"box":[0,0,0,0],"detail":{},"name":"守卫空转","success":true},"focus":null,"name":"弹窗守卫","node_details":{"action_id":500000183,"completed":true,"name":"守卫空转","node_id":300000183,"reco_id":400000543},"node_id":300000183,"reco_details":{"algorithm":"DirectHit","box":[0,0,720,1280],"detail":null,"name":"守卫空转","reco_id":400000543},"task_id":200000003}] 
[2026-09-23 00:07:24.823][INF][Px45320][Tx34803][Utils/EventDispatcher.hpp][L65][MaaNS::EventDispatcher::notify] !!!OnEventNotify!!! [handle=true] [msg=Node.PipelineNode.Starting] [details={"focus":null,"name":"守卫空转","node_id":300000184,"task_id":200000003}] 
[2026-09-23 00:07:24.827][DBG][Px45320][Tx42061][ChildPipeIOStream.cpp][L84][MaaNS::ChildPipeIOStream::ChildPipeIOStream] [exec_=D:/MuMuPlayer-12.0/shell/adb.exe] [args_=["-s","127.0.0.1:16416","exec-out","screencap | gzip -1"]] [child_.id()=45600] 
[2026-09-23 00:07:24.964][DBG][Px45320][Tx42061][UnitBase.cpp][L58][MaaNS::CtrlUnitNs::UnitBase::startup_and_read_pipe] [output.size()=642661] [duration=141ms] 
[2026-09-23 00:07:24.982][DBG][Px45320][Tx34803][PipelineTask.cpp][L250][MaaNS::TaskNS::PipelineTask::recognize_list] [cur_node_=守卫空转] [list=[{"anchor":false,"jump_back":false,"name":"弹窗守卫"}]] | enter 
[2026-09-23 00:07:24.982][INF][Px45320][Tx34803][Utils/EventDispatcher.hpp][L65][MaaNS::EventDispatcher::notify] !!!OnEventNotify!!! [handle=true] [msg=Node.NextList.Starting] [details={"focus":null,"list":[{"anchor":false,"jump_back":false,"name":"弹窗守卫"}],"name":"守卫空转","task_id":200000003}] 
[2026-09-23 00:07:24.982][DBG][Px45320][Tx34803][PipelineTask.cpp][L367][MaaNS::TaskNS::PipelineTask::prepare_batch_ocr] batch OCR not needed, eligible OCR nodes < 2 [ctx.plan.entries.size()=0] 
[2026-09-23 00:07:24.982][DBG][Px45320][Tx34803][TaskBase.cpp][L61][MaaNS::TaskNS::TaskBase::run_recognition] [cur_node_=守卫空转] [data.name=弹窗守卫] | enter 
[2026-09-23 00:07:24.982][INF][Px45320][Tx34803][Utils/EventDispatcher.hpp][L65][MaaNS::EventDispatcher::notify] !!!OnEventNotify!!! [handle=true] [msg=Node.Recognition.Starting] [details={"focus":null,"name":"弹窗守卫","reco_id":400000544,"task_id":200000003}] 
[2026-09-23 00:07:24.982][DBG][Px45320][Tx34803][Recognizer.cpp][L136][MaaNS::TaskNS::Recognizer::direct_hit] 弹窗守卫 
[2026-09-23 00:07:24.982][INF][Px45320][Tx34803][Recognizer.cpp][L103][MaaNS::TaskNS::Recognizer::recognize] reco [result={"algorithm":"DirectHit","box":[0,0,720,1280],"detail":null,"name":"弹窗守卫","reco_id":400000544}] 
[2026-09-23 00:07:24.982][INF][Px45320][Tx34803][Utils/EventDispatcher.hpp][L65][MaaNS::EventDispatcher::notify] !!!OnEventNotify!!! [handle=true] [msg=Node.Recognition.Succeeded] [details={"focus":null,"name":"弹窗守卫","reco_details":{"algorithm":"DirectHit","box":[0,0,720,1280],"detail":null,"name":"弹窗守卫","reco_id":400000544},"reco_id":400000544,"task_id":200000003}] 
[2026-09-23 00:07:24.982][TRC][Px45320][Tx34803][TaskBase.cpp][L61][MaaNS::TaskNS::TaskBase::run_recognition] | leave, 0ms 
[2026-09-23 00:07:24.982][INF][Px45320][Tx34803][PipelineTask.cpp][L312][MaaNS::TaskNS::PipelineTask::recognize_list] reco hit [result.name=弹窗守卫] [result.box=[0,0,720,1280]] 
[2026-09-23 00:07:24.982][INF][Px45320][Tx34803][Utils/EventDispatcher.hpp][L65][MaaNS::EventDispatcher::notify] !!!OnEventNotify!!! [handle=true] [msg=Node.NextList.Succeeded] [details={"focus":null,"list":[{"anchor":false,"jump_back":false,"name":"弹窗守卫"}],"name":"守卫空转","task_id":200000003}] 
[2026-09-23 00:07:24.982][TRC][Px45320][Tx34803][PipelineTask.cpp][L250][MaaNS::TaskNS::PipelineTask::recognize_list] | leave, 0ms 
[2026-09-23 00:07:24.982][DBG][Px45320][Tx34803][TaskBase.cpp][L215][MaaNS::TaskNS::TaskBase::sleep] 0ms 
[2026-09-23 00:07:24.982][INF][Px45320][Tx34803][Utils/EventDispatcher.hpp][L65][MaaNS::EventDispatcher::notify] !!!OnEventNotify!!! [handle=true] [msg=Node.Action.Starting] [details={"action_id":500000184,"focus":null,"name":"弹窗守卫","task_id":200000003}] 
[2026-09-23 00:07:24.982][TRC][Px45320][Tx34803][Actuator.cpp][L27][MaaNS::TaskNS::Actuator::run] [pipeline_data.name=弹窗守卫] 
[2026-09-23 00:07:24.982][INF][Px45320][Tx34803][TaskBase.cpp][L137][MaaNS::TaskNS::TaskBase::run_action] action [i=0] [data.repeat=1] [result={"action":"DoNothing","action_id":500000184,"box":[0,0,0,0],"detail":{},"name":"弹窗守卫","success":true}] 
[2026-09-23 00:07:24.982][INF][Px45320][Tx34803][Utils/EventDispatcher.hpp][L65][MaaNS::EventDispatcher::notify] !!!OnEventNotify!!! [handle=true] [msg=Node.Action.Succeeded] [details={"action_details":{"action":"DoNothing","action_id":500000184,"box":[0,0,0,0],"detail":{},"name":"弹窗守卫","success":true},"action_id":500000184,"focus":null,"name":"弹窗守卫","task_id":200000003}] 
[2026-09-23 00:07:24.982][DBG][Px45320][Tx34803][TaskBase.cpp][L215][MaaNS::TaskNS::TaskBase::sleep] 150ms 
[2026-09-23 00:07:25.132][INF][Px45320][Tx34803][PipelineTask.cpp][L224][MaaNS::TaskNS::PipelineTask::run_next] PipelineTask node done [result={"action_id":500000184,"completed":true,"name":"弹窗守卫","node_id":300000184,"reco_id":400000544}] [task_id_=200000003] 
[2026-09-23 00:07:25.132][INF][Px45320][Tx34803][Utils/EventDispatcher.hpp][L65][MaaNS::EventDispatcher::notify] !!!OnEventNotify!!! [handle=true] [msg=Node.PipelineNode.Succeeded] [details={"action_details":{"action":"DoNothing","action_id":500000184,"box":[0,0,0,0],"detail":{},"name":"弹窗守卫","success":true},"focus":null,"name":"守卫空转","node_details":{"action_id":500000184,"completed":true,"name":"弹窗守卫","node_id":300000184,"reco_id":400000544},"node_id":300000184,"reco_details":{"algorithm":"DirectHit","box":[0,0,720,1280],"detail":null,"name":"弹窗守卫","reco_id":400000544},"task_id":200000003}] 
[2026-09-23 00:07:25.132][INF][Px45320][Tx34803][Utils/EventDispatcher.hpp][L65][MaaNS::EventDispatcher::notify] !!!OnEventNotify!!! [handle=true] [msg=Node.PipelineNode.Starting] [details={"focus":null,"name":"弹窗守卫","node_id":300000185,"task_id":200000003}] 
[2026-09-23 00:07:25.137][DBG][Px45320][Tx42061][ChildPipeIOStream.cpp][L84][MaaNS::ChildPipeIOStream::ChildPipeIOStream] [exec_=D:/MuMuPlayer-12.0/shell/adb.exe] [args_=["-s","127.0.0.1:16416","exec-out","screencap | gzip -1"]] [child_.id()=44576] 
[2026-09-23 00:07:25.280][DBG][Px45320][Tx42061][UnitBase.cpp][L58][MaaNS::CtrlUnitNs::UnitBase::startup_and_read_pipe] [output.size()=619033] [duration=147ms] 
[2026-09-23 00:07:25.297][DBG][Px45320][Tx34803][PipelineTask.cpp][L250][MaaNS::TaskNS::PipelineTask::recognize_list] [cur_node_=弹窗守卫] [list=[{"anchor":false,"jump_back":false,"name":"答题弹窗_先选择"},{"anchor":false,"jump_back":false,"name":"课程提醒_关闭"},{"anchor":false,"jump_back":false,"name":"存储提示_白色_取消"},{"anchor":false,"jump_back":false,"name":"存储提示_深色_知道了"},{"anchor":false,"jump_back":false,"name":"守卫空转"}]] | enter 
[2026-09-23 00:07:25.297][INF][Px45320][Tx34803][Utils/EventDispatcher.hpp][L65][MaaNS::EventDispatcher::notify] !!!OnEventNotify!!! [handle=true] [msg=Node.NextList.Starting] [details={"focus":null,"list":[{"anchor":false,"jump_back":false,"name":"答题弹窗_先选择"},{"anchor":false,"jump_back":false,"name":"课程提醒_关闭"},{"anchor":false,"jump_back":false,"name":"存储提示_白色_取消"},{"anchor":false,"jump_back":false,"name":"存储提示_深色_知道了"},{"anchor":false,"jump_back":false,"name":"守卫空转"}],"name":"弹窗守卫","task_id":200000003}] 
[2026-09-23 00:07:25.297][DBG][Px45320][Tx34803][PipelineTask.cpp][L367][MaaNS::TaskNS::PipelineTask::prepare_batch_ocr] batch OCR not needed, eligible OCR nodes < 2 [ctx.plan.entries.size()=0] 
[2026-09-23 00:07:25.297][DBG][Px45320][Tx34803][TaskBase.cpp][L61][MaaNS::TaskNS::TaskBase::run_recognition] [cur_node_=弹窗守卫] [data.name=答题弹窗_先选择] | enter 
[2026-09-23 00:07:25.297][INF][Px45320][Tx34803][Utils/EventDispatcher.hpp][L65][MaaNS::EventDispatcher::notify] !!!OnEventNotify!!! [handle=true] [msg=Node.Recognition.Starting] [details={"focus":null,"name":"答题弹窗_先选择","reco_id":400000545,"task_id":200000003}] 
[2026-09-23 00:07:25.305][DBG][Px45320][Tx34803][TemplateMatcher.cpp][L45][MaaNS::VisionNS::TemplateMatcher::analyze] 答题弹窗_先选择 [all_results_=[{"box":[142,211,80,38],"score":0.249811},{"box":[142,211,80,38],"score":0.271268},{"box":[145,220,80,38],"score":0.277493}]] [filtered_results_=[]] [best_result_=null] [cost=7ms] [param_.template_=["popup_quiz_judgement_title.png","popup_quiz_single_title.png","popup_quiz_multi_title.png"]] [templates_.size()=3] [param_.thresholds=[0.820000,0.820000,0.820000]] [param_.method=5] [param_.green_mask=false] 
[2026-09-23 00:07:25.305][INF][Px45320][Tx34803][Recognizer.cpp][L103][MaaNS::TaskNS::Recognizer::recognize] reco [result={"algorithm":"TemplateMatch","box":null,"detail":{"all":[{"box":[142,211,80,38],"score":0.249811},{"box":[142,211,80,38],"score":0.271268},{"box":[145,220,80,38],"score":0.277493}],"best":null,"filtered":[]},"name":"答题弹窗_先选择","reco_id":400000545}] 
[2026-09-23 00:07:25.305][INF][Px45320][Tx34803][Utils/EventDispatcher.hpp][L65][MaaNS::EventDispatcher::notify] !!!OnEventNotify!!! [handle=true] [msg=Node.Recognition.Failed] [details={"focus":null,"name":"答题弹窗_先选择","reco_details":{"algorithm":"TemplateMatch","box":null,"detail":{"all":[{"box":[142,211,80,38],"score":0.249811},{"box":[142,211,80,38],"score":0.271268},{"box":[145,220,80,38],"score":0.277493}],"best":null,"filtered":[]},"name":"答题弹窗_先选择","reco_id":400000545},"reco_id":400000545,"task_id":200000003}] 
[2026-09-23 00:07:25.305][TRC][Px45320][Tx34803][TaskBase.cpp][L61][MaaNS::TaskNS::TaskBase::run_recognition] | leave, 7ms 
[2026-09-23 00:07:25.305][DBG][Px45320][Tx34803][TaskBase.cpp][L61][MaaNS::TaskNS::TaskBase::run_recognition] [cur_node_=弹窗守卫] [data.name=课程提醒_关闭] | enter 
[2026-09-23 00:07:25.305][INF][Px45320][Tx34803][Utils/EventDispatcher.hpp][L65][MaaNS::EventDispatcher::notify] !!!OnEventNotify!!! [handle=true] [msg=Node.Recognition.Starting] [details={"focus":null,"name":"课程提醒_关闭","reco_id":400000546,"task_id":200000003}] 
[2026-09-23 00:07:25.308][DBG][Px45320][Tx34803][TemplateMatcher.cpp][L45][MaaNS::VisionNS::TemplateMatcher::analyze] 课程提醒_关闭 [all_results_=[{"box":[242,360,170,75],"score":0.190881}]] [filtered_results_=[]] [best_result_=null] [cost=2ms] [param_.template_=["popup_course_reminder_title.png"]] [templates_.size()=1] [param_.thresholds=[0.720000]] [param_.method=5] [param_.green_mask=false] 
[2026-09-23 00:07:25.308][INF][Px45320][Tx34803][Recognizer.cpp][L103][MaaNS::TaskNS::Recognizer::recognize] reco [result={"algorithm":"TemplateMatch","box":null,"detail":{"all":[{"box":[242,360,170,75],"score":0.190881}],"best":null,"filtered":[]},"name":"课程提醒_关闭","reco_id":400000546}] 
[2026-09-23 00:07:25.308][INF][Px45320][Tx34803][Utils/EventDispatcher.hpp][L65][MaaNS::EventDispatcher::notify] !!!OnEventNotify!!! [handle=true] [msg=Node.Recognition.Failed] [details={"focus":null,"name":"课程提醒_关闭","reco_details":{"algorithm":"TemplateMatch","box":null,"detail":{"all":[{"box":[242,360,170,75],"score":0.190881}],"best":null,"filtered":[]},"name":"课程提醒_关闭","reco_id":400000546},"reco_id":400000546,"task_id":200000003}] 
[2026-09-23 00:07:25.308][TRC][Px45320][Tx34803][TaskBase.cpp][L61][MaaNS::TaskNS::TaskBase::run_recognition] | leave, 3ms 
[2026-09-23 00:07:25.308][DBG][Px45320][Tx34803][TaskBase.cpp][L61][MaaNS::TaskNS::TaskBase::run_recognition] [cur_node_=弹窗守卫] [data.name=存储提示_白色_取消] | enter 
[2026-09-23 00:07:25.308][INF][Px45320][Tx34803][Utils/EventDispatcher.hpp][L65][MaaNS::EventDispatcher::notify] !!!OnEventNotify!!! [handle=true] [msg=Node.Recognition.Starting] [details={"focus":null,"name":"存储提示_白色_取消","reco_id":400000547,"task_id":200000003}] 
[2026-09-23 00:07:25.311][DBG][Px45320][Tx34803][TemplateMatcher.cpp][L45][MaaNS::VisionNS::TemplateMatcher::analyze] 存储提示_白色_取消 [all_results_=[]] [filtered_results_=[]] [best_result_=null] [cost=2ms] [param_.template_=["popup_storage_white_title.png"]] [templates_.size()=1] [param_.thresholds=[0.720000]] [param_.method=5] [param_.green_mask=false] 
[2026-09-23 00:07:25.311][INF][Px45320][Tx34803][Recognizer.cpp][L103][MaaNS::TaskNS::Recognizer::recognize] reco [result={"algorithm":"TemplateMatch","box":null,"detail":{"all":[],"best":null,"filtered":[]},"name":"存储提示_白色_取消","reco_id":400000547}] 
[2026-09-23 00:07:25.311][INF][Px45320][Tx34803][Utils/EventDispatcher.hpp][L65][MaaNS::EventDispatcher::notify] !!!OnEventNotify!!! [handle=true] [msg=Node.Recognition.Failed] [details={"focus":null,"name":"存储提示_白色_取消","reco_details":{"algorithm":"TemplateMatch","box":null,"detail":{"all":[],"best":null,"filtered":[]},"name":"存储提示_白色_取消","reco_id":400000547},"reco_id":400000547,"task_id":200000003}] 
[2026-09-23 00:07:25.311][TRC][Px45320][Tx34803][TaskBase.cpp][L61][MaaNS::TaskNS::TaskBase::run_recognition] | leave, 2ms 
[2026-09-23 00:07:25.311][DBG][Px45320][Tx34803][TaskBase.cpp][L61][MaaNS::TaskNS::TaskBase::run_recognition] [cur_node_=弹窗守卫] [data.name=存储提示_深色_知道了] | enter 
[2026-09-23 00:07:25.311][INF][Px45320][Tx34803][Utils/EventDispatcher.hpp][L65][MaaNS::EventDispatcher::notify] !!!OnEventNotify!!! [handle=true] [msg=Node.Recognition.Starting] [details={"focus":null,"name":"存储提示_深色_知道了","reco_id":400000548,"task_id":200000003}] 
[2026-09-23 00:07:25.314][DBG][Px45320][Tx34803][TemplateMatcher.cpp][L45][MaaNS::VisionNS::TemplateMatcher::analyze] 存储提示_深色_知道了 [all_results_=[]] [filtered_results_=[]] [best_result_=null] [cost=2ms] [param_.template_=["popup_storage_dark_title.png"]] [templates_.size()=1] [param_.thresholds=[0.720000]] [param_.method=5] [param_.green_mask=false] 
[2026-09-23 00:07:25.314][INF][Px45320][Tx34803][Recognizer.cpp][L103][MaaNS::TaskNS::Recognizer::recognize] reco [result={"algorithm":"TemplateMatch","box":null,"detail":{"all":[],"best":null,"filtered":[]},"name":"存储提示_深色_知道了","reco_id":400000548}] 
[2026-09-23 00:07:25.314][INF][Px45320][Tx34803][Utils/EventDispatcher.hpp][L65][MaaNS::EventDispatcher::notify] !!!OnEventNotify!!! [handle=true] [msg=Node.Recognition.Failed] [details={"focus":null,"name":"存储提示_深色_知道了","reco_details":{"algorithm":"TemplateMatch","box":null,"detail":{"all":[],"best":null,"filtered":[]},"name":"存储提示_深色_知道了","reco_id":400000548},"reco_id":400000548,"task_id":200000003}] 
[2026-09-23 00:07:25.314][TRC][Px45320][Tx34803][TaskBase.cpp][L61][MaaNS::TaskNS::TaskBase::run_recognition] | leave, 2ms 
[2026-09-23 00:07:25.314][DBG][Px45320][Tx34803][TaskBase.cpp][L61][MaaNS::TaskNS::TaskBase::run_recognition] [cur_node_=弹窗守卫] [data.name=守卫空转] | enter 
[2026-09-23 00:07:25.314][INF][Px45320][Tx34803][Utils/EventDispatcher.hpp][L65][MaaNS::EventDispatcher::notify] !!!OnEventNotify!!! [handle=true] [msg=Node.Recognition.Starting] [details={"focus":null,"name":"守卫空转","reco_id":400000549,"task_id":200000003}] 
[2026-09-23 00:07:25.314][DBG][Px45320][Tx34803][Recognizer.cpp][L136][MaaNS::TaskNS::Recognizer::direct_hit] 守卫空转 
[2026-09-23 00:07:25.314][INF][Px45320][Tx34803][Recognizer.cpp][L103][MaaNS::TaskNS::Recognizer::recognize] reco [result={"algorithm":"DirectHit","box":[0,0,720,1280],"detail":null,"name":"守卫空转","reco_id":400000549}] 
[2026-09-23 00:07:25.314][INF][Px45320][Tx34803][Utils/EventDispatcher.hpp][L65][MaaNS::EventDispatcher::notify] !!!OnEventNotify!!! [handle=true] [msg=Node.Recognition.Succeeded] [details={"focus":null,"name":"守卫空转","reco_details":{"algorithm":"DirectHit","box":[0,0,720,1280],"detail":null,"name":"守卫空转","reco_id":400000549},"reco_id":400000549,"task_id":200000003}] 
[2026-09-23 00:07:25.314][TRC][Px45320][Tx34803][TaskBase.cpp][L61][MaaNS::TaskNS::TaskBase::run_recognition] | leave, 0ms 
[2026-09-23 00:07:25.314][INF][Px45320][Tx34803][PipelineTask.cpp][L312][MaaNS::TaskNS::PipelineTask::recognize_list] reco hit [result.name=守卫空转] [result.box=[0,0,720,1280]] 
[2026-09-23 00:07:25.314][INF][Px45320][Tx34803][Utils/EventDispatcher.hpp][L65][MaaNS::EventDispatcher::notify] !!!OnEventNotify!!! [handle=true] [msg=Node.NextList.Succeeded] [details={"focus":null,"list":[{"anchor":false,"jump_back":false,"name":"答题弹窗_先选择"},{"anchor":false,"jump_back":false,"name":"课程提醒_关闭"},{"anchor":false,"jump_back":false,"name":"存储提示_白色_取消"},{"anchor":false,"jump_back":false,"name":"存储提示_深色_知道了"},{"anchor":false,"jump_back":false,"name":"守卫空转"}],"name":"弹窗守卫","task_id":200000003}] 
[2026-09-23 00:07:25.314][TRC][Px45320][Tx34803][PipelineTask.cpp][L250][MaaNS::TaskNS::PipelineTask::recognize_list] | leave, 16ms 
[2026-09-23 00:07:25.314][DBG][Px45320][Tx34803][TaskBase.cpp][L215][MaaNS::TaskNS::TaskBase::sleep] 0ms 
[2026-09-23 00:07:25.314][INF][Px45320][Tx34803][Utils/EventDispatcher.hpp][L65][MaaNS::EventDispatcher::notify] !!!OnEventNotify!!! [handle=true] [msg=Node.Action.Starting] [details={"action_id":500000185,"focus":null,"name":"守卫空转","task_id":200000003}] 
[2026-09-23 00:07:25.314][TRC][Px45320][Tx34803][Actuator.cpp][L27][MaaNS::TaskNS::Actuator::run] [pipeline_data.name=守卫空转] 
[2026-09-23 00:07:25.314][INF][Px45320][Tx34803][TaskBase.cpp][L137][MaaNS::TaskNS::TaskBase::run_action] action [i=0] [data.repeat=1] [result={"action":"DoNothing","action_id":500000185,"box":[0,0,0,0],"detail":{},"name":"守卫空转","success":true}] 
[2026-09-23 00:07:25.314][INF][Px45320][Tx34803][Utils/EventDispatcher.hpp][L65][MaaNS::EventDispatcher::notify] !!!OnEventNotify!!! [handle=true] [msg=Node.Action.Succeeded] [details={"action_details":{"action":"DoNothing","action_id":500000185,"box":[0,0,0,0],"detail":{},"name":"守卫空转","success":true},"action_id":500000185,"focus":null,"name":"守卫空转","task_id":200000003}] 
[2026-09-23 00:07:25.314][DBG][Px45320][Tx34803][TaskBase.cpp][L215][MaaNS::TaskNS::TaskBase::sleep] 400ms 
[2026-09-23 00:07:25.715][INF][Px45320][Tx34803][PipelineTask.cpp][L224][MaaNS::TaskNS::PipelineTask::run_next] PipelineTask node done [result={"action_id":500000185,"completed":true,"name":"守卫空转","node_id":300000185,"reco_id":400000549}] [task_id_=200000003] 
[2026-09-23 00:07:25.715][INF][Px45320][Tx34803][Utils/EventDispatcher.hpp][L65][MaaNS::EventDispatcher::notify] !!!OnEventNotify!!! [handle=true] [msg=Node.PipelineNode.Succeeded] [details={"action_details":{"action":"DoNothing","action_id":500000185,"box":[0,0,0,0],"detail":{},"name":"守卫空转","success":true},"focus":null,"name":"弹窗守卫","node_details":{"action_id":500000185,"completed":true,"name":"守卫空转","node_id":300000185,"reco_id":400000549},"node_id":300000185,"reco_details":{"algorithm":"DirectHit","box":[0,0,720,1280],"detail":null,"name":"守卫空转","reco_id":400000549},"task_id":200000003}] 
[2026-09-23 00:07:25.715][INF][Px45320][Tx34803][Utils/EventDispatcher.hpp][L65][MaaNS::EventDispatcher::notify] !!!OnEventNotify!!! [handle=true] [msg=Node.PipelineNode.Starting] [details={"focus":null,"name":"守卫空转","node_id":300000186,"task_id":200000003}] 
[2026-09-23 00:07:25.719][DBG][Px45320][Tx42061][ChildPipeIOStream.cpp][L84][MaaNS::ChildPipeIOStream::ChildPipeIOStream] [exec_=D:/MuMuPlayer-12.0/shell/adb.exe] [args_=["-s","127.0.0.1:16416","exec-out","screencap | gzip -1"]] [child_.id()=43812] 
[2026-09-23 00:07:25.848][DBG][Px45320][Tx42061][UnitBase.cpp][L58][MaaNS::CtrlUnitNs::UnitBase::startup_and_read_pipe] [output.size()=642832] [duration=132ms] 
[2026-09-23 00:07:25.865][DBG][Px45320][Tx34803][PipelineTask.cpp][L250][MaaNS::TaskNS::PipelineTask::recognize_list] [cur_node_=守卫空转] [list=[{"anchor":false,"jump_back":false,"name":"弹窗守卫"}]] | enter 
[2026-09-23 00:07:25.865][INF][Px45320][Tx34803][Utils/EventDispatcher.hpp][L65][MaaNS::EventDispatcher::notify] !!!OnEventNotify!!! [handle=true] [msg=Node.NextList.Starting] [details={"focus":null,"list":[{"anchor":false,"jump_back":false,"name":"弹窗守卫"}],"name":"守卫空转","task_id":200000003}] 
[2026-09-23 00:07:25.865][DBG][Px45320][Tx34803][PipelineTask.cpp][L367][MaaNS::TaskNS::PipelineTask::prepare_batch_ocr] batch OCR not needed, eligible OCR nodes < 2 [ctx.plan.entries.size()=0] 
[2026-09-23 00:07:25.865][DBG][Px45320][Tx34803][TaskBase.cpp][L61][MaaNS::TaskNS::TaskBase::run_recognition] [cur_node_=守卫空转] [data.name=弹窗守卫] | enter 
[2026-09-23 00:07:25.865][INF][Px45320][Tx34803][Utils/EventDispatcher.hpp][L65][MaaNS::EventDispatcher::notify] !!!OnEventNotify!!! [handle=true] [msg=Node.Recognition.Starting] [details={"focus":null,"name":"弹窗守卫","reco_id":400000550,"task_id":200000003}] 
[2026-09-23 00:07:25.865][DBG][Px45320][Tx34803][Recognizer.cpp][L136][MaaNS::TaskNS::Recognizer::direct_hit] 弹窗守卫 
[2026-09-23 00:07:25.865][INF][Px45320][Tx34803][Recognizer.cpp][L103][MaaNS::TaskNS::Recognizer::recognize] reco [result={"algorithm":"DirectHit","box":[0,0,720,1280],"detail":null,"name":"弹窗守卫","reco_id":400000550}] 
[2026-09-23 00:07:25.865][INF][Px45320][Tx34803][Utils/EventDispatcher.hpp][L65][MaaNS::EventDispatcher::notify] !!!OnEventNotify!!! [handle=true] [msg=Node.Recognition.Succeeded] [details={"focus":null,"name":"弹窗守卫","reco_details":{"algorithm":"DirectHit","box":[0,0,720,1280],"detail":null,"name":"弹窗守卫","reco_id":400000550},"reco_id":400000550,"task_id":200000003}] 
[2026-09-23 00:07:25.865][TRC][Px45320][Tx34803][TaskBase.cpp][L61][MaaNS::TaskNS::TaskBase::run_recognition] | leave, 0ms 
[2026-09-23 00:07:25.865][INF][Px45320][Tx34803][PipelineTask.cpp][L312][MaaNS::TaskNS::PipelineTask::recognize_list] reco hit [result.name=弹窗守卫] [result.box=[0,0,720,1280]] 
[2026-09-23 00:07:25.865][INF][Px45320][Tx34803][Utils/EventDispatcher.hpp][L65][MaaNS::EventDispatcher::notify] !!!OnEventNotify!!! [handle=true] [msg=Node.NextList.Succeeded] [details={"focus":null,"list":[{"anchor":false,"jump_back":false,"name":"弹窗守卫"}],"name":"守卫空转","task_id":200000003}] 
[2026-09-23 00:07:25.865][TRC][Px45320][Tx34803][PipelineTask.cpp][L250][MaaNS::TaskNS::PipelineTask::recognize_list] | leave, 0ms 
[2026-09-23 00:07:25.865][DBG][Px45320][Tx34803][TaskBase.cpp][L215][MaaNS::TaskNS::TaskBase::sleep] 0ms 
[2026-09-23 00:07:25.866][INF][Px45320][Tx34803][Utils/EventDispatcher.hpp][L65][MaaNS::EventDispatcher::notify] !!!OnEventNotify!!! [handle=true] [msg=Node.Action.Starting] [details={"action_id":500000186,"focus":null,"name":"弹窗守卫","task_id":200000003}] 
[2026-09-23 00:07:25.866][TRC][Px45320][Tx34803][Actuator.cpp][L27][MaaNS::TaskNS::Actuator::run] [pipeline_data.name=弹窗守卫] 
[2026-09-23 00:07:25.866][INF][Px45320][Tx34803][TaskBase.cpp][L137][MaaNS::TaskNS::TaskBase::run_action] action [i=0] [data.repeat=1] [result={"action":"DoNothing","action_id":500000186,"box":[0,0,0,0],"detail":{},"name":"弹窗守卫","success":true}] 
[2026-09-23 00:07:25.866][INF][Px45320][Tx34803][Utils/EventDispatcher.hpp][L65][MaaNS::EventDispatcher::notify] !!!OnEventNotify!!! [handle=true] [msg=Node.Action.Succeeded] [details={"action_details":{"action":"DoNothing","action_id":500000186,"box":[0,0,0,0],"detail":{},"name":"弹窗守卫","success":true},"action_id":500000186,"focus":null,"name":"弹窗守卫","task_id":200000003}] 
[2026-09-23 00:07:25.866][DBG][Px45320][Tx34803][TaskBase.cpp][L215][MaaNS::TaskNS::TaskBase::sleep] 150ms 
[2026-09-23 00:07:26.016][INF][Px45320][Tx34803][PipelineTask.cpp][L224][MaaNS::TaskNS::PipelineTask::run_next] PipelineTask node done [result={"action_id":500000186,"completed":true,"name":"弹窗守卫","node_id":300000186,"reco_id":400000550}] [task_id_=200000003] 
[2026-09-23 00:07:26.016][INF][Px45320][Tx34803][Utils/EventDispatcher.hpp][L65][MaaNS::EventDispatcher::notify] !!!OnEventNotify!!! [handle=true] [msg=Node.PipelineNode.Succeeded] [details={"action_details":{"action":"DoNothing","action_id":500000186,"box":[0,0,0,0],"detail":{},"name":"弹窗守卫","success":true},"focus":null,"name":"守卫空转","node_details":{"action_id":500000186,"completed":true,"name":"弹窗守卫","node_id":300000186,"reco_id":400000550},"node_id":300000186,"reco_details":{"algorithm":"DirectHit","box":[0,0,720,1280],"detail":null,"name":"弹窗守卫","reco_id":400000550},"task_id":200000003}] 
[2026-09-23 00:07:26.016][INF][Px45320][Tx34803][Utils/EventDispatcher.hpp][L65][MaaNS::EventDispatcher::notify] !!!OnEventNotify!!! [handle=true] [msg=Node.PipelineNode.Starting] [details={"focus":null,"name":"弹窗守卫","node_id":300000187,"task_id":200000003}] 
[2026-09-23 00:07:26.020][DBG][Px45320][Tx42061][ChildPipeIOStream.cpp][L84][MaaNS::ChildPipeIOStream::ChildPipeIOStream] [exec_=D:/MuMuPlayer-12.0/shell/adb.exe] [args_=["-s","127.0.0.1:16416","exec-out","screencap | gzip -1"]] [child_.id()=38596] 
[2026-09-23 00:07:26.165][DBG][Px45320][Tx42061][UnitBase.cpp][L58][MaaNS::CtrlUnitNs::UnitBase::startup_and_read_pipe] [output.size()=639582] [duration=149ms] 
[2026-09-23 00:07:26.183][DBG][Px45320][Tx34803][PipelineTask.cpp][L250][MaaNS::TaskNS::PipelineTask::recognize_list] [cur_node_=弹窗守卫] [list=[{"anchor":false,"jump_back":false,"name":"答题弹窗_先选择"},{"anchor":false,"jump_back":false,"name":"课程提醒_关闭"},{"anchor":false,"jump_back":false,"name":"存储提示_白色_取消"},{"anchor":false,"jump_back":false,"name":"存储提示_深色_知道了"},{"anchor":false,"jump_back":false,"name":"守卫空转"}]] | enter 
[2026-09-23 00:07:26.183][INF][Px45320][Tx34803][Utils/EventDispatcher.hpp][L65][MaaNS::EventDispatcher::notify] !!!OnEventNotify!!! [handle=true] [msg=Node.NextList.Starting] [details={"focus":null,"list":[{"anchor":false,"jump_back":false,"name":"答题弹窗_先选择"},{"anchor":false,"jump_back":false,"name":"课程提醒_关闭"},{"anchor":false,"jump_back":false,"name":"存储提示_白色_取消"},{"anchor":false,"jump_back":false,"name":"存储提示_深色_知道了"},{"anchor":false,"jump_back":false,"name":"守卫空转"}],"name":"弹窗守卫","task_id":200000003}] 
[2026-09-23 00:07:26.183][DBG][Px45320][Tx34803][PipelineTask.cpp][L367][MaaNS::TaskNS::PipelineTask::prepare_batch_ocr] batch OCR not needed, eligible OCR nodes < 2 [ctx.plan.entries.size()=0] 
[2026-09-23 00:07:26.183][DBG][Px45320][Tx34803][TaskBase.cpp][L61][MaaNS::TaskNS::TaskBase::run_recognition] [cur_node_=弹窗守卫] [data.name=答题弹窗_先选择] | enter 
[2026-09-23 00:07:26.183][INF][Px45320][Tx34803][Utils/EventDispatcher.hpp][L65][MaaNS::EventDispatcher::notify] !!!OnEventNotify!!! [handle=true] [msg=Node.Recognition.Starting] [details={"focus":null,"name":"答题弹窗_先选择","reco_id":400000551,"task_id":200000003}] 
[2026-09-23 00:07:26.191][DBG][Px45320][Tx34803][TemplateMatcher.cpp][L45][MaaNS::VisionNS::TemplateMatcher::analyze] 答题弹窗_先选择 [all_results_=[{"box":[142,211,80,38],"score":0.249712},{"box":[142,211,80,38],"score":0.271268},{"box":[145,220,80,38],"score":0.277395}]] [filtered_results_=[]] [best_result_=null] [cost=7ms] [param_.template_=["popup_quiz_judgement_title.png","popup_quiz_single_title.png","popup_quiz_multi_title.png"]] [templates_.size()=3] [param_.thresholds=[0.820000,0.820000,0.820000]] [param_.method=5] [param_.green_mask=false] 
[2026-09-23 00:07:26.191][INF][Px45320][Tx34803][Recognizer.cpp][L103][MaaNS::TaskNS::Recognizer::recognize] reco [result={"algorithm":"TemplateMatch","box":null,"detail":{"all":[{"box":[142,211,80,38],"score":0.249712},{"box":[142,211,80,38],"score":0.271268},{"box":[145,220,80,38],"score":0.277395}],"best":null,"filtered":[]},"name":"答题弹窗_先选择","reco_id":400000551}] 
[2026-09-23 00:07:26.191][INF][Px45320][Tx34803][Utils/EventDispatcher.hpp][L65][MaaNS::EventDispatcher::notify] !!!OnEventNotify!!! [handle=true] [msg=Node.Recognition.Failed] [details={"focus":null,"name":"答题弹窗_先选择","reco_details":{"algorithm":"TemplateMatch","box":null,"detail":{"all":[{"box":[142,211,80,38],"score":0.249712},{"box":[142,211,80,38],"score":0.271268},{"box":[145,220,80,38],"score":0.277395}],"best":null,"filtered":[]},"name":"答题弹窗_先选择","reco_id":400000551},"reco_id":400000551,"task_id":200000003}] 
[2026-09-23 00:07:26.191][TRC][Px45320][Tx34803][TaskBase.cpp][L61][MaaNS::TaskNS::TaskBase::run_recognition] | leave, 7ms 
[2026-09-23 00:07:26.191][DBG][Px45320][Tx34803][TaskBase.cpp][L61][MaaNS::TaskNS::TaskBase::run_recognition] [cur_node_=弹窗守卫] [data.name=课程提醒_关闭] | enter 
[2026-09-23 00:07:26.191][INF][Px45320][Tx34803][Utils/EventDispatcher.hpp][L65][MaaNS::EventDispatcher::notify] !!!OnEventNotify!!! [handle=true] [msg=Node.Recognition.Starting] [details={"focus":null,"name":"课程提醒_关闭","reco_id":400000552,"task_id":200000003}] 
[2026-09-23 00:07:26.195][DBG][Px45320][Tx34803][TemplateMatcher.cpp][L45][MaaNS::VisionNS::TemplateMatcher::analyze] 课程提醒_关闭 [all_results_=[{"box":[297,379,170,75],"score":0.400214}]] [filtered_results_=[]] [best_result_=null] [cost=3ms] [param_.template_=["popup_course_reminder_title.png"]] [templates_.size()=1] [param_.thresholds=[0.720000]] [param_.method=5] [param_.green_mask=false] 
[2026-09-23 00:07:26.195][INF][Px45320][Tx34803][Recognizer.cpp][L103][MaaNS::TaskNS::Recognizer::recognize] reco [result={"algorithm":"TemplateMatch","box":null,"detail":{"all":[{"box":[297,379,170,75],"score":0.400214}],"best":null,"filtered":[]},"name":"课程提醒_关闭","reco_id":400000552}] 
[2026-09-23 00:07:26.195][INF][Px45320][Tx34803][Utils/EventDispatcher.hpp][L65][MaaNS::EventDispatcher::notify] !!!OnEventNotify!!! [handle=true] [msg=Node.Recognition.Failed] [details={"focus":null,"name":"课程提醒_关闭","reco_details":{"algorithm":"TemplateMatch","box":null,"detail":{"all":[{"box":[297,379,170,75],"score":0.400214}],"best":null,"filtered":[]},"name":"课程提醒_关闭","reco_id":400000552},"reco_id":400000552,"task_id":200000003}] 
[2026-09-23 00:07:26.195][TRC][Px45320][Tx34803][TaskBase.cpp][L61][MaaNS::TaskNS::TaskBase::run_recognition] | leave, 3ms 
[2026-09-23 00:07:26.195][DBG][Px45320][Tx34803][TaskBase.cpp][L61][MaaNS::TaskNS::TaskBase::run_recognition] [cur_node_=弹窗守卫] [data.name=存储提示_白色_取消] | enter 
[2026-09-23 00:07:26.195][INF][Px45320][Tx34803][Utils/EventDispatcher.hpp][L65][MaaNS::EventDispatcher::notify] !!!OnEventNotify!!! [handle=true] [msg=Node.Recognition.Starting] [details={"focus":null,"name":"存储提示_白色_取消","reco_id":400000553,"task_id":200000003}] 
[2026-09-23 00:07:26.197][DBG][Px45320][Tx34803][TemplateMatcher.cpp][L45][MaaNS::VisionNS::TemplateMatcher::analyze] 存储提示_白色_取消 [all_results_=[]] [filtered_results_=[]] [best_result_=null] [cost=2ms] [param_.template_=["popup_storage_white_title.png"]] [templates_.size()=1] [param_.thresholds=[0.720000]] [param_.method=5] [param_.green_mask=false] 
[2026-09-23 00:07:26.197][INF][Px45320][Tx34803][Recognizer.cpp][L103][MaaNS::TaskNS::Recognizer::recognize] reco [result={"algorithm":"TemplateMatch","box":null,"detail":{"all":[],"best":null,"filtered":[]},"name":"存储提示_白色_取消","reco_id":400000553}] 
[2026-09-23 00:07:26.197][INF][Px45320][Tx34803][Utils/EventDispatcher.hpp][L65][MaaNS::EventDispatcher::notify] !!!OnEventNotify!!! [handle=true] [msg=Node.Recognition.Failed] [details={"focus":null,"name":"存储提示_白色_取消","reco_details":{"algorithm":"TemplateMatch","box":null,"detail":{"all":[],"best":null,"filtered":[]},"name":"存储提示_白色_取消","reco_id":400000553},"reco_id":400000553,"task_id":200000003}] 
[2026-09-23 00:07:26.197][TRC][Px45320][Tx34803][TaskBase.cpp][L61][MaaNS::TaskNS::TaskBase::run_recognition] | leave, 2ms 
[2026-09-23 00:07:26.197][DBG][Px45320][Tx34803][TaskBase.cpp][L61][MaaNS::TaskNS::TaskBase::run_recognition] [cur_node_=弹窗守卫] [data.name=存储提示_深色_知道了] | enter 
[2026-09-23 00:07:26.197][INF][Px45320][Tx34803][Utils/EventDispatcher.hpp][L65][MaaNS::EventDispatcher::notify] !!!OnEventNotify!!! [handle=true] [msg=Node.Recognition.Starting] [details={"focus":null,"name":"存储提示_深色_知道了","reco_id":400000554,"task_id":200000003}] 
[2026-09-23 00:07:26.199][DBG][Px45320][Tx34803][TemplateMatcher.cpp][L45][MaaNS::VisionNS::TemplateMatcher::analyze] 存储提示_深色_知道了 [all_results_=[]] [filtered_results_=[]] [best_result_=null] [cost=2ms] [param_.template_=["popup_storage_dark_title.png"]] [templates_.size()=1] [param_.thresholds=[0.720000]] [param_.method=5] [param_.green_mask=false] 
[2026-09-23 00:07:26.199][INF][Px45320][Tx34803][Recognizer.cpp][L103][MaaNS::TaskNS::Recognizer::recognize] reco [result={"algorithm":"TemplateMatch","box":null,"detail":{"all":[],"best":null,"filtered":[]},"name":"存储提示_深色_知道了","reco_id":400000554}] 
[2026-09-23 00:07:26.199][INF][Px45320][Tx34803][Utils/EventDispatcher.hpp][L65][MaaNS::EventDispatcher::notify] !!!OnEventNotify!!! [handle=true] [msg=Node.Recognition.Failed] [details={"focus":null,"name":"存储提示_深色_知道了","reco_details":{"algorithm":"TemplateMatch","box":null,"detail":{"all":[],"best":null,"filtered":[]},"name":"存储提示_深色_知道了","reco_id":400000554},"reco_id":400000554,"task_id":200000003}] 
[2026-09-23 00:07:26.199][TRC][Px45320][Tx34803][TaskBase.cpp][L61][MaaNS::TaskNS::TaskBase::run_recognition] | leave, 2ms 
[2026-09-23 00:07:26.199][DBG][Px45320][Tx34803][TaskBase.cpp][L61][MaaNS::TaskNS::TaskBase::run_recognition] [cur_node_=弹窗守卫] [data.name=守卫空转] | enter 
[2026-09-23 00:07:26.199][INF][Px45320][Tx34803][Utils/EventDispatcher.hpp][L65][MaaNS::EventDispatcher::notify] !!!OnEventNotify!!! [handle=true] [msg=Node.Recognition.Starting] [details={"focus":null,"name":"守卫空转","reco_id":400000555,"task_id":200000003}] 
[2026-09-23 00:07:26.199][DBG][Px45320][Tx34803][Recognizer.cpp][L136][MaaNS::TaskNS::Recognizer::direct_hit] 守卫空转 
[2026-09-23 00:07:26.199][INF][Px45320][Tx34803][Recognizer.cpp][L103][MaaNS::TaskNS::Recognizer::recognize] reco [result={"algorithm":"DirectHit","box":[0,0,720,1280],"detail":null,"name":"守卫空转","reco_id":400000555}] 
[2026-09-23 00:07:26.200][INF][Px45320][Tx34803][Utils/EventDispatcher.hpp][L65][MaaNS::EventDispatcher::notify] !!!OnEventNotify!!! [handle=true] [msg=Node.Recognition.Succeeded] [details={"focus":null,"name":"守卫空转","reco_details":{"algorithm":"DirectHit","box":[0,0,720,1280],"detail":null,"name":"守卫空转","reco_id":400000555},"reco_id":400000555,"task_id":200000003}] 
[2026-09-23 00:07:26.200][TRC][Px45320][Tx34803][TaskBase.cpp][L61][MaaNS::TaskNS::TaskBase::run_recognition] | leave, 0ms 
[2026-09-23 00:07:26.200][INF][Px45320][Tx34803][PipelineTask.cpp][L312][MaaNS::TaskNS::PipelineTask::recognize_list] reco hit [result.name=守卫空转] [result.box=[0,0,720,1280]] 
[2026-09-23 00:07:26.200][INF][Px45320][Tx34803][Utils/EventDispatcher.hpp][L65][MaaNS::EventDispatcher::notify] !!!OnEventNotify!!! [handle=true] [msg=Node.NextList.Succeeded] [details={"focus":null,"list":[{"anchor":false,"jump_back":false,"name":"答题弹窗_先选择"},{"anchor":false,"jump_back":false,"name":"课程提醒_关闭"},{"anchor":false,"jump_back":false,"name":"存储提示_白色_取消"},{"anchor":false,"jump_back":false,"name":"存储提示_深色_知道了"},{"anchor":false,"jump_back":false,"name":"守卫空转"}],"name":"弹窗守卫","task_id":200000003}] 
[2026-09-23 00:07:26.200][TRC][Px45320][Tx34803][PipelineTask.cpp][L250][MaaNS::TaskNS::PipelineTask::recognize_list] | leave, 17ms 
[2026-09-23 00:07:26.200][DBG][Px45320][Tx34803][TaskBase.cpp][L215][MaaNS::TaskNS::TaskBase::sleep] 0ms 
[2026-09-23 00:07:26.200][INF][Px45320][Tx34803][Utils/EventDispatcher.hpp][L65][MaaNS::EventDispatcher::notify] !!!OnEventNotify!!! [handle=true] [msg=Node.Action.Starting] [details={"action_id":500000187,"focus":null,"name":"守卫空转","task_id":200000003}] 
[2026-09-23 00:07:26.200][TRC][Px45320][Tx34803][Actuator.cpp][L27][MaaNS::TaskNS::Actuator::run] [pipeline_data.name=守卫空转] 
[2026-09-23 00:07:26.200][INF][Px45320][Tx34803][TaskBase.cpp][L137][MaaNS::TaskNS::TaskBase::run_action] action [i=0] [data.repeat=1] [result={"action":"DoNothing","action_id":500000187,"box":[0,0,0,0],"detail":{},"name":"守卫空转","success":true}] 
[2026-09-23 00:07:26.200][INF][Px45320][Tx34803][Utils/EventDispatcher.hpp][L65][MaaNS::EventDispatcher::notify] !!!OnEventNotify!!! [handle=true] [msg=Node.Action.Succeeded] [details={"action_details":{"action":"DoNothing","action_id":500000187,"box":[0,0,0,0],"detail":{},"name":"守卫空转","success":true},"action_id":500000187,"focus":null,"name":"守卫空转","task_id":200000003}] 
[2026-09-23 00:07:26.200][DBG][Px45320][Tx34803][TaskBase.cpp][L215][MaaNS::TaskNS::TaskBase::sleep] 400ms 
[2026-09-23 00:07:26.601][INF][Px45320][Tx34803][PipelineTask.cpp][L224][MaaNS::TaskNS::PipelineTask::run_next] PipelineTask node done [result={"action_id":500000187,"completed":true,"name":"守卫空转","node_id":300000187,"reco_id":400000555}] [task_id_=200000003] 
[2026-09-23 00:07:26.601][INF][Px45320][Tx34803][Utils/EventDispatcher.hpp][L65][MaaNS::EventDispatcher::notify] !!!OnEventNotify!!! [handle=true] [msg=Node.PipelineNode.Succeeded] [details={"action_details":{"action":"DoNothing","action_id":500000187,"box":[0,0,0,0],"detail":{},"name":"守卫空转","success":true},"focus":null,"name":"弹窗守卫","node_details":{"action_id":500000187,"completed":true,"name":"守卫空转","node_id":300000187,"reco_id":400000555},"node_id":300000187,"reco_details":{"algorithm":"DirectHit","box":[0,0,720,1280],"detail":null,"name":"守卫空转","reco_id":400000555},"task_id":200000003}] 
[2026-09-23 00:07:26.601][INF][Px45320][Tx34803][Utils/EventDispatcher.hpp][L65][MaaNS::EventDispatcher::notify] !!!OnEventNotify!!! [handle=true] [msg=Node.PipelineNode.Starting] [details={"focus":null,"name":"守卫空转","node_id":300000188,"task_id":200000003}] 
[2026-09-23 00:07:26.605][DBG][Px45320][Tx42061][ChildPipeIOStream.cpp][L84][MaaNS::ChildPipeIOStream::ChildPipeIOStream] [exec_=D:/MuMuPlayer-12.0/shell/adb.exe] [args_=["-s","127.0.0.1:16416","exec-out","screencap | gzip -1"]] [child_.id()=8252] 
[2026-09-23 00:07:26.738][DBG][Px45320][Tx42061][UnitBase.cpp][L58][MaaNS::CtrlUnitNs::UnitBase::startup_and_read_pipe] [output.size()=641409] [duration=137ms] 
[2026-09-23 00:07:26.755][DBG][Px45320][Tx34803][PipelineTask.cpp][L250][MaaNS::TaskNS::PipelineTask::recognize_list] [cur_node_=守卫空转] [list=[{"anchor":false,"jump_back":false,"name":"弹窗守卫"}]] | enter 
[2026-09-23 00:07:26.755][INF][Px45320][Tx34803][Utils/EventDispatcher.hpp][L65][MaaNS::EventDispatcher::notify] !!!OnEventNotify!!! [handle=true] [msg=Node.NextList.Starting] [details={"focus":null,"list":[{"anchor":false,"jump_back":false,"name":"弹窗守卫"}],"name":"守卫空转","task_id":200000003}] 
[2026-09-23 00:07:26.755][DBG][Px45320][Tx34803][PipelineTask.cpp][L367][MaaNS::TaskNS::PipelineTask::prepare_batch_ocr] batch OCR not needed, eligible OCR nodes < 2 [ctx.plan.entries.size()=0] 
[2026-09-23 00:07:26.755][DBG][Px45320][Tx34803][TaskBase.cpp][L61][MaaNS::TaskNS::TaskBase::run_recognition] [cur_node_=守卫空转] [data.name=弹窗守卫] | enter 
[2026-09-23 00:07:26.755][INF][Px45320][Tx34803][Utils/EventDispatcher.hpp][L65][MaaNS::EventDispatcher::notify] !!!OnEventNotify!!! [handle=true] [msg=Node.Recognition.Starting] [details={"focus":null,"name":"弹窗守卫","reco_id":400000556,"task_id":200000003}] 
[2026-09-23 00:07:26.755][DBG][Px45320][Tx34803][Recognizer.cpp][L136][MaaNS::TaskNS::Recognizer::direct_hit] 弹窗守卫 
[2026-09-23 00:07:26.755][INF][Px45320][Tx34803][Recognizer.cpp][L103][MaaNS::TaskNS::Recognizer::recognize] reco [result={"algorithm":"DirectHit","box":[0,0,720,1280],"detail":null,"name":"弹窗守卫","reco_id":400000556}] 
[2026-09-23 00:07:26.755][INF][Px45320][Tx34803][Utils/EventDispatcher.hpp][L65][MaaNS::EventDispatcher::notify] !!!OnEventNotify!!! [handle=true] [msg=Node.Recognition.Succeeded] [details={"focus":null,"name":"弹窗守卫","reco_details":{"algorithm":"DirectHit","box":[0,0,720,1280],"detail":null,"name":"弹窗守卫","reco_id":400000556},"reco_id":400000556,"task_id":200000003}] 
[2026-09-23 00:07:26.755][TRC][Px45320][Tx34803][TaskBase.cpp][L61][MaaNS::TaskNS::TaskBase::run_recognition] | leave, 0ms 
[2026-09-23 00:07:26.755][INF][Px45320][Tx34803][PipelineTask.cpp][L312][MaaNS::TaskNS::PipelineTask::recognize_list] reco hit [result.name=弹窗守卫] [result.box=[0,0,720,1280]] 
[2026-09-23 00:07:26.755][INF][Px45320][Tx34803][Utils/EventDispatcher.hpp][L65][MaaNS::EventDispatcher::notify] !!!OnEventNotify!!! [handle=true] [msg=Node.NextList.Succeeded] [details={"focus":null,"list":[{"anchor":false,"jump_back":false,"name":"弹窗守卫"}],"name":"守卫空转","task_id":200000003}] 
[2026-09-23 00:07:26.755][TRC][Px45320][Tx34803][PipelineTask.cpp][L250][MaaNS::TaskNS::PipelineTask::recognize_list] | leave, 0ms 
[2026-09-23 00:07:26.755][DBG][Px45320][Tx34803][TaskBase.cpp][L215][MaaNS::TaskNS::TaskBase::sleep] 0ms 
[2026-09-23 00:07:26.755][INF][Px45320][Tx34803][Utils/EventDispatcher.hpp][L65][MaaNS::EventDispatcher::notify] !!!OnEventNotify!!! [handle=true] [msg=Node.Action.Starting] [details={"action_id":500000188,"focus":null,"name":"弹窗守卫","task_id":200000003}] 
[2026-09-23 00:07:26.755][TRC][Px45320][Tx34803][Actuator.cpp][L27][MaaNS::TaskNS::Actuator::run] [pipeline_data.name=弹窗守卫] 
[2026-09-23 00:07:26.755][INF][Px45320][Tx34803][TaskBase.cpp][L137][MaaNS::TaskNS::TaskBase::run_action] action [i=0] [data.repeat=1] [result={"action":"DoNothing","action_id":500000188,"box":[0,0,0,0],"detail":{},"name":"弹窗守卫","success":true}] 
[2026-09-23 00:07:26.755][INF][Px45320][Tx34803][Utils/EventDispatcher.hpp][L65][MaaNS::EventDispatcher::notify] !!!OnEventNotify!!! [handle=true] [msg=Node.Action.Succeeded] [details={"action_details":{"action":"DoNothing","action_id":500000188,"box":[0,0,0,0],"detail":{},"name":"弹窗守卫","success":true},"action_id":500000188,"focus":null,"name":"弹窗守卫","task_id":200000003}] 
[2026-09-23 00:07:26.756][DBG][Px45320][Tx34803][TaskBase.cpp][L215][MaaNS::TaskNS::TaskBase::sleep] 150ms 
[2026-09-23 00:07:26.907][INF][Px45320][Tx34803][PipelineTask.cpp][L224][MaaNS::TaskNS::PipelineTask::run_next] PipelineTask node done [result={"action_id":500000188,"completed":true,"name":"弹窗守卫","node_id":300000188,"reco_id":400000556}] [task_id_=200000003] 
[2026-09-23 00:07:26.907][INF][Px45320][Tx34803][Utils/EventDispatcher.hpp][L65][MaaNS::EventDispatcher::notify] !!!OnEventNotify!!! [handle=true] [msg=Node.PipelineNode.Succeeded] [details={"action_details":{"action":"DoNothing","action_id":500000188,"box":[0,0,0,0],"detail":{},"name":"弹窗守卫","success":true},"focus":null,"name":"守卫空转","node_details":{"action_id":500000188,"completed":true,"name":"弹窗守卫","node_id":300000188,"reco_id":400000556},"node_id":300000188,"reco_details":{"algorithm":"DirectHit","box":[0,0,720,1280],"detail":null,"name":"弹窗守卫","reco_id":400000556},"task_id":200000003}] 
[2026-09-23 00:07:26.907][INF][Px45320][Tx34803][Utils/EventDispatcher.hpp][L65][MaaNS::EventDispatcher::notify] !!!OnEventNotify!!! [handle=true] [msg=Node.PipelineNode.Starting] [details={"focus":null,"name":"弹窗守卫","node_id":300000189,"task_id":200000003}] 
[2026-09-23 00:07:26.911][DBG][Px45320][Tx42061][ChildPipeIOStream.cpp][L84][MaaNS::ChildPipeIOStream::ChildPipeIOStream] [exec_=D:/MuMuPlayer-12.0/shell/adb.exe] [args_=["-s","127.0.0.1:16416","exec-out","screencap | gzip -1"]] [child_.id()=624] 
[2026-09-23 00:07:27.032][DBG][Px45320][Tx42061][UnitBase.cpp][L58][MaaNS::CtrlUnitNs::UnitBase::startup_and_read_pipe] [output.size()=642039] [duration=125ms] 
[2026-09-23 00:07:27.050][DBG][Px45320][Tx34803][PipelineTask.cpp][L250][MaaNS::TaskNS::PipelineTask::recognize_list] [cur_node_=弹窗守卫] [list=[{"anchor":false,"jump_back":false,"name":"答题弹窗_先选择"},{"anchor":false,"jump_back":false,"name":"课程提醒_关闭"},{"anchor":false,"jump_back":false,"name":"存储提示_白色_取消"},{"anchor":false,"jump_back":false,"name":"存储提示_深色_知道了"},{"anchor":false,"jump_back":false,"name":"守卫空转"}]] | enter 
[2026-09-23 00:07:27.050][INF][Px45320][Tx34803][Utils/EventDispatcher.hpp][L65][MaaNS::EventDispatcher::notify] !!!OnEventNotify!!! [handle=true] [msg=Node.NextList.Starting] [details={"focus":null,"list":[{"anchor":false,"jump_back":false,"name":"答题弹窗_先选择"},{"anchor":false,"jump_back":false,"name":"课程提醒_关闭"},{"anchor":false,"jump_back":false,"name":"存储提示_白色_取消"},{"anchor":false,"jump_back":false,"name":"存储提示_深色_知道了"},{"anchor":false,"jump_back":false,"name":"守卫空转"}],"name":"弹窗守卫","task_id":200000003}] 
[2026-09-23 00:07:27.050][DBG][Px45320][Tx34803][PipelineTask.cpp][L367][MaaNS::TaskNS::PipelineTask::prepare_batch_ocr] batch OCR not needed, eligible OCR nodes < 2 [ctx.plan.entries.size()=0] 
[2026-09-23 00:07:27.050][DBG][Px45320][Tx34803][TaskBase.cpp][L61][MaaNS::TaskNS::TaskBase::run_recognition] [cur_node_=弹窗守卫] [data.name=答题弹窗_先选择] | enter 
[2026-09-23 00:07:27.050][INF][Px45320][Tx34803][Utils/EventDispatcher.hpp][L65][MaaNS::EventDispatcher::notify] !!!OnEventNotify!!! [handle=true] [msg=Node.Recognition.Starting] [details={"focus":null,"name":"答题弹窗_先选择","reco_id":400000557,"task_id":200000003}] 
[2026-09-23 00:07:27.057][DBG][Px45320][Tx34803][TemplateMatcher.cpp][L45][MaaNS::VisionNS::TemplateMatcher::analyze] 答题弹窗_先选择 [all_results_=[{"box":[142,211,80,38],"score":0.241744},{"box":[142,211,80,38],"score":0.262403},{"box":[145,229,80,38],"score":0.264857}]] [filtered_results_=[]] [best_result_=null] [cost=7ms] [param_.template_=["popup_quiz_judgement_title.png","popup_quiz_single_title.png","popup_quiz_multi_title.png"]] [templates_.size()=3] [param_.thresholds=[0.820000,0.820000,0.820000]] [param_.method=5] [param_.green_mask=false] 
[2026-09-23 00:07:27.057][INF][Px45320][Tx34803][Recognizer.cpp][L103][MaaNS::TaskNS::Recognizer::recognize] reco [result={"algorithm":"TemplateMatch","box":null,"detail":{"all":[{"box":[142,211,80,38],"score":0.241744},{"box":[142,211,80,38],"score":0.262403},{"box":[145,229,80,38],"score":0.264857}],"best":null,"filtered":[]},"name":"答题弹窗_先选择","reco_id":400000557}] 
[2026-09-23 00:07:27.057][INF][Px45320][Tx34803][Utils/EventDispatcher.hpp][L65][MaaNS::EventDispatcher::notify] !!!OnEventNotify!!! [handle=true] [msg=Node.Recognition.Failed] [details={"focus":null,"name":"答题弹窗_先选择","reco_details":{"algorithm":"TemplateMatch","box":null,"detail":{"all":[{"box":[142,211,80,38],"score":0.241744},{"box":[142,211,80,38],"score":0.262403},{"box":[145,229,80,38],"score":0.264857}],"best":null,"filtered":[]},"name":"答题弹窗_先选择","reco_id":400000557},"reco_id":400000557,"task_id":200000003}] 
[2026-09-23 00:07:27.057][TRC][Px45320][Tx34803][TaskBase.cpp][L61][MaaNS::TaskNS::TaskBase::run_recognition] | leave, 8ms 
[2026-09-23 00:07:27.057][DBG][Px45320][Tx34803][TaskBase.cpp][L61][MaaNS::TaskNS::TaskBase::run_recognition] [cur_node_=弹窗守卫] [data.name=课程提醒_关闭] | enter 
[2026-09-23 00:07:27.057][INF][Px45320][Tx34803][Utils/EventDispatcher.hpp][L65][MaaNS::EventDispatcher::notify] !!!OnEventNotify!!! [handle=true] [msg=Node.Recognition.Starting] [details={"focus":null,"name":"课程提醒_关闭","reco_id":400000558,"task_id":200000003}] 
[2026-09-23 00:07:27.060][DBG][Px45320][Tx34803][TemplateMatcher.cpp][L45][MaaNS::VisionNS::TemplateMatcher::analyze] 课程提醒_关闭 [all_results_=[{"box":[263,378,170,75],"score":0.384457}]] [filtered_results_=[]] [best_result_=null] [cost=2ms] [param_.template_=["popup_course_reminder_title.png"]] [templates_.size()=1] [param_.thresholds=[0.720000]] [param_.method=5] [param_.green_mask=false] 
[2026-09-23 00:07:27.060][INF][Px45320][Tx34803][Recognizer.cpp][L103][MaaNS::TaskNS::Recognizer::recognize] reco [result={"algorithm":"TemplateMatch","box":null,"detail":{"all":[{"box":[263,378,170,75],"score":0.384457}],"best":null,"filtered":[]},"name":"课程提醒_关闭","reco_id":400000558}] 
[2026-09-23 00:07:27.060][INF][Px45320][Tx34803][Utils/EventDispatcher.hpp][L65][MaaNS::EventDispatcher::notify] !!!OnEventNotify!!! [handle=true] [msg=Node.Recognition.Failed] [details={"focus":null,"name":"课程提醒_关闭","reco_details":{"algorithm":"TemplateMatch","box":null,"detail":{"all":[{"box":[263,378,170,75],"score":0.384457}],"best":null,"filtered":[]},"name":"课程提醒_关闭","reco_id":400000558},"reco_id":400000558,"task_id":200000003}] 
[2026-09-23 00:07:27.060][TRC][Px45320][Tx34803][TaskBase.cpp][L61][MaaNS::TaskNS::TaskBase::run_recognition] | leave, 2ms 
[2026-09-23 00:07:27.060][DBG][Px45320][Tx34803][TaskBase.cpp][L61][MaaNS::TaskNS::TaskBase::run_recognition] [cur_node_=弹窗守卫] [data.name=存储提示_白色_取消] | enter 
[2026-09-23 00:07:27.060][INF][Px45320][Tx34803][Utils/EventDispatcher.hpp][L65][MaaNS::EventDispatcher::notify] !!!OnEventNotify!!! [handle=true] [msg=Node.Recognition.Starting] [details={"focus":null,"name":"存储提示_白色_取消","reco_id":400000559,"task_id":200000003}] 
[2026-09-23 00:07:27.062][DBG][Px45320][Tx34803][TemplateMatcher.cpp][L45][MaaNS::VisionNS::TemplateMatcher::analyze] 存储提示_白色_取消 [all_results_=[]] [filtered_results_=[]] [best_result_=null] [cost=2ms] [param_.template_=["popup_storage_white_title.png"]] [templates_.size()=1] [param_.thresholds=[0.720000]] [param_.method=5] [param_.green_mask=false] 
[2026-09-23 00:07:27.062][INF][Px45320][Tx34803][Recognizer.cpp][L103][MaaNS::TaskNS::Recognizer::recognize] reco [result={"algorithm":"TemplateMatch","box":null,"detail":{"all":[],"best":null,"filtered":[]},"name":"存储提示_白色_取消","reco_id":400000559}] 
[2026-09-23 00:07:27.062][INF][Px45320][Tx34803][Utils/EventDispatcher.hpp][L65][MaaNS::EventDispatcher::notify] !!!OnEventNotify!!! [handle=true] [msg=Node.Recognition.Failed] [details={"focus":null,"name":"存储提示_白色_取消","reco_details":{"algorithm":"TemplateMatch","box":null,"detail":{"all":[],"best":null,"filtered":[]},"name":"存储提示_白色_取消","reco_id":400000559},"reco_id":400000559,"task_id":200000003}] 
[2026-09-23 00:07:27.062][TRC][Px45320][Tx34803][TaskBase.cpp][L61][MaaNS::TaskNS::TaskBase::run_recognition] | leave, 2ms 
[2026-09-23 00:07:27.062][DBG][Px45320][Tx34803][TaskBase.cpp][L61][MaaNS::TaskNS::TaskBase::run_recognition] [cur_node_=弹窗守卫] [data.name=存储提示_深色_知道了] | enter 
[2026-09-23 00:07:27.062][INF][Px45320][Tx34803][Utils/EventDispatcher.hpp][L65][MaaNS::EventDispatcher::notify] !!!OnEventNotify!!! [handle=true] [msg=Node.Recognition.Starting] [details={"focus":null,"name":"存储提示_深色_知道了","reco_id":400000560,"task_id":200000003}] 
[2026-09-23 00:07:27.065][DBG][Px45320][Tx34803][TemplateMatcher.cpp][L45][MaaNS::VisionNS::TemplateMatcher::analyze] 存储提示_深色_知道了 [all_results_=[]] [filtered_results_=[]] [best_result_=null] [cost=2ms] [param_.template_=["popup_storage_dark_title.png"]] [templates_.size()=1] [param_.thresholds=[0.720000]] [param_.method=5] [param_.green_mask=false] 
[2026-09-23 00:07:27.065][INF][Px45320][Tx34803][Recognizer.cpp][L103][MaaNS::TaskNS::Recognizer::recognize] reco [result={"algorithm":"TemplateMatch","box":null,"detail":{"all":[],"best":null,"filtered":[]},"name":"存储提示_深色_知道了","reco_id":400000560}] 
[2026-09-23 00:07:27.065][INF][Px45320][Tx34803][Utils/EventDispatcher.hpp][L65][MaaNS::EventDispatcher::notify] !!!OnEventNotify!!! [handle=true] [msg=Node.Recognition.Failed] [details={"focus":null,"name":"存储提示_深色_知道了","reco_details":{"algorithm":"TemplateMatch","box":null,"detail":{"all":[],"best":null,"filtered":[]},"name":"存储提示_深色_知道了","reco_id":400000560},"reco_id":400000560,"task_id":200000003}] 
[2026-09-23 00:07:27.065][TRC][Px45320][Tx34803][TaskBase.cpp][L61][MaaNS::TaskNS::TaskBase::run_recognition] | leave, 2ms 
[2026-09-23 00:07:27.065][DBG][Px45320][Tx34803][TaskBase.cpp][L61][MaaNS::TaskNS::TaskBase::run_recognition] [cur_node_=弹窗守卫] [data.name=守卫空转] | enter 
[2026-09-23 00:07:27.065][INF][Px45320][Tx34803][Utils/EventDispatcher.hpp][L65][MaaNS::EventDispatcher::notify] !!!OnEventNotify!!! [handle=true] [msg=Node.Recognition.Starting] [details={"focus":null,"name":"守卫空转","reco_id":400000561,"task_id":200000003}] 
[2026-09-23 00:07:27.065][DBG][Px45320][Tx34803][Recognizer.cpp][L136][MaaNS::TaskNS::Recognizer::direct_hit] 守卫空转 
[2026-09-23 00:07:27.065][INF][Px45320][Tx34803][Recognizer.cpp][L103][MaaNS::TaskNS::Recognizer::recognize] reco [result={"algorithm":"DirectHit","box":[0,0,720,1280],"detail":null,"name":"守卫空转","reco_id":400000561}] 
[2026-09-23 00:07:27.065][INF][Px45320][Tx34803][Utils/EventDispatcher.hpp][L65][MaaNS::EventDispatcher::notify] !!!OnEventNotify!!! [handle=true] [msg=Node.Recognition.Succeeded] [details={"focus":null,"name":"守卫空转","reco_details":{"algorithm":"DirectHit","box":[0,0,720,1280],"detail":null,"name":"守卫空转","reco_id":400000561},"reco_id":400000561,"task_id":200000003}] 
[2026-09-23 00:07:27.065][TRC][Px45320][Tx34803][TaskBase.cpp][L61][MaaNS::TaskNS::TaskBase::run_recognition] | leave, 0ms 
[2026-09-23 00:07:27.065][INF][Px45320][Tx34803][PipelineTask.cpp][L312][MaaNS::TaskNS::PipelineTask::recognize_list] reco hit [result.name=守卫空转] [result.box=[0,0,720,1280]] 
[2026-09-23 00:07:27.066][INF][Px45320][Tx34803][Utils/EventDispatcher.hpp][L65][MaaNS::EventDispatcher::notify] !!!OnEventNotify!!! [handle=true] [msg=Node.NextList.Succeeded] [details={"focus":null,"list":[{"anchor":false,"jump_back":false,"name":"答题弹窗_先选择"},{"anchor":false,"jump_back":false,"name":"课程提醒_关闭"},{"anchor":false,"jump_back":false,"name":"存储提示_白色_取消"},{"anchor":false,"jump_back":false,"name":"存储提示_深色_知道了"},{"anchor":false,"jump_back":false,"name":"守卫空转"}],"name":"弹窗守卫","task_id":200000003}] 
[2026-09-23 00:07:27.066][TRC][Px45320][Tx34803][PipelineTask.cpp][L250][MaaNS::TaskNS::PipelineTask::recognize_list] | leave, 16ms 
[2026-09-23 00:07:27.066][DBG][Px45320][Tx34803][TaskBase.cpp][L215][MaaNS::TaskNS::TaskBase::sleep] 0ms 
[2026-09-23 00:07:27.066][INF][Px45320][Tx34803][Utils/EventDispatcher.hpp][L65][MaaNS::EventDispatcher::notify] !!!OnEventNotify!!! [handle=true] [msg=Node.Action.Starting] [details={"action_id":500000189,"focus":null,"name":"守卫空转","task_id":200000003}] 
[2026-09-23 00:07:27.066][TRC][Px45320][Tx34803][Actuator.cpp][L27][MaaNS::TaskNS::Actuator::run] [pipeline_data.name=守卫空转] 
[2026-09-23 00:07:27.066][INF][Px45320][Tx34803][TaskBase.cpp][L137][MaaNS::TaskNS::TaskBase::run_action] action [i=0] [data.repeat=1] [result={"action":"DoNothing","action_id":500000189,"box":[0,0,0,0],"detail":{},"name":"守卫空转","success":true}] 
[2026-09-23 00:07:27.066][INF][Px45320][Tx34803][Utils/EventDispatcher.hpp][L65][MaaNS::EventDispatcher::notify] !!!OnEventNotify!!! [handle=true] [msg=Node.Action.Succeeded] [details={"action_details":{"action":"DoNothing","action_id":500000189,"box":[0,0,0,0],"detail":{},"name":"守卫空转","success":true},"action_id":500000189,"focus":null,"name":"守卫空转","task_id":200000003}] 
[2026-09-23 00:07:27.066][DBG][Px45320][Tx34803][TaskBase.cpp][L215][MaaNS::TaskNS::TaskBase::sleep] 400ms 
[2026-09-23 00:07:27.466][INF][Px45320][Tx34803][PipelineTask.cpp][L224][MaaNS::TaskNS::PipelineTask::run_next] PipelineTask node done [result={"action_id":500000189,"completed":true,"name":"守卫空转","node_id":300000189,"reco_id":400000561}] [task_id_=200000003] 
[2026-09-23 00:07:27.466][INF][Px45320][Tx34803][Utils/EventDispatcher.hpp][L65][MaaNS::EventDispatcher::notify] !!!OnEventNotify!!! [handle=true] [msg=Node.PipelineNode.Succeeded] [details={"action_details":{"action":"DoNothing","action_id":500000189,"box":[0,0,0,0],"detail":{},"name":"守卫空转","success":true},"focus":null,"name":"弹窗守卫","node_details":{"action_id":500000189,"completed":true,"name":"守卫空转","node_id":300000189,"reco_id":400000561},"node_id":300000189,"reco_details":{"algorithm":"DirectHit","box":[0,0,720,1280],"detail":null,"name":"守卫空转","reco_id":400000561},"task_id":200000003}] 
[2026-09-23 00:07:27.466][INF][Px45320][Tx34803][Utils/EventDispatcher.hpp][L65][MaaNS::EventDispatcher::notify] !!!OnEventNotify!!! [handle=true] [msg=Node.PipelineNode.Starting] [details={"focus":null,"name":"守卫空转","node_id":300000190,"task_id":200000003}] 
[2026-09-23 00:07:27.470][DBG][Px45320][Tx42061][ChildPipeIOStream.cpp][L84][MaaNS::ChildPipeIOStream::ChildPipeIOStream] [exec_=D:/MuMuPlayer-12.0/shell/adb.exe] [args_=["-s","127.0.0.1:16416","exec-out","screencap | gzip -1"]] [child_.id()=40820] 
[2026-09-23 00:07:27.593][DBG][Px45320][Tx42061][UnitBase.cpp][L58][MaaNS::CtrlUnitNs::UnitBase::startup_and_read_pipe] [output.size()=641325] [duration=126ms] 
[2026-09-23 00:07:27.610][DBG][Px45320][Tx34803][PipelineTask.cpp][L250][MaaNS::TaskNS::PipelineTask::recognize_list] [cur_node_=守卫空转] [list=[{"anchor":false,"jump_back":false,"name":"弹窗守卫"}]] | enter 
[2026-09-23 00:07:27.610][INF][Px45320][Tx34803][Utils/EventDispatcher.hpp][L65][MaaNS::EventDispatcher::notify] !!!OnEventNotify!!! [handle=true] [msg=Node.NextList.Starting] [details={"focus":null,"list":[{"anchor":false,"jump_back":false,"name":"弹窗守卫"}],"name":"守卫空转","task_id":200000003}] 
[2026-09-23 00:07:27.610][DBG][Px45320][Tx34803][PipelineTask.cpp][L367][MaaNS::TaskNS::PipelineTask::prepare_batch_ocr] batch OCR not needed, eligible OCR nodes < 2 [ctx.plan.entries.size()=0] 
[2026-09-23 00:07:27.610][DBG][Px45320][Tx34803][TaskBase.cpp][L61][MaaNS::TaskNS::TaskBase::run_recognition] [cur_node_=守卫空转] [data.name=弹窗守卫] | enter 
[2026-09-23 00:07:27.610][INF][Px45320][Tx34803][Utils/EventDispatcher.hpp][L65][MaaNS::EventDispatcher::notify] !!!OnEventNotify!!! [handle=true] [msg=Node.Recognition.Starting] [details={"focus":null,"name":"弹窗守卫","reco_id":400000562,"task_id":200000003}] 
[2026-09-23 00:07:27.610][DBG][Px45320][Tx34803][Recognizer.cpp][L136][MaaNS::TaskNS::Recognizer::direct_hit] 弹窗守卫 
[2026-09-23 00:07:27.610][INF][Px45320][Tx34803][Recognizer.cpp][L103][MaaNS::TaskNS::Recognizer::recognize] reco [result={"algorithm":"DirectHit","box":[0,0,720,1280],"detail":null,"name":"弹窗守卫","reco_id":400000562}] 
[2026-09-23 00:07:27.610][INF][Px45320][Tx34803][Utils/EventDispatcher.hpp][L65][MaaNS::EventDispatcher::notify] !!!OnEventNotify!!! [handle=true] [msg=Node.Recognition.Succeeded] [details={"focus":null,"name":"弹窗守卫","reco_details":{"algorithm":"DirectHit","box":[0,0,720,1280],"detail":null,"name":"弹窗守卫","reco_id":400000562},"reco_id":400000562,"task_id":200000003}] 
[2026-09-23 00:07:27.610][TRC][Px45320][Tx34803][TaskBase.cpp][L61][MaaNS::TaskNS::TaskBase::run_recognition] | leave, 0ms 
[2026-09-23 00:07:27.610][INF][Px45320][Tx34803][PipelineTask.cpp][L312][MaaNS::TaskNS::PipelineTask::recognize_list] reco hit [result.name=弹窗守卫] [result.box=[0,0,720,1280]] 
[2026-09-23 00:07:27.610][INF][Px45320][Tx34803][Utils/EventDispatcher.hpp][L65][MaaNS::EventDispatcher::notify] !!!OnEventNotify!!! [handle=true] [msg=Node.NextList.Succeeded] [details={"focus":null,"list":[{"anchor":false,"jump_back":false,"name":"弹窗守卫"}],"name":"守卫空转","task_id":200000003}] 
[2026-09-23 00:07:27.610][TRC][Px45320][Tx34803][PipelineTask.cpp][L250][MaaNS::TaskNS::PipelineTask::recognize_list] | leave, 0ms 
[2026-09-23 00:07:27.610][DBG][Px45320][Tx34803][TaskBase.cpp][L215][MaaNS::TaskNS::TaskBase::sleep] 0ms 
[2026-09-23 00:07:27.610][INF][Px45320][Tx34803][Utils/EventDispatcher.hpp][L65][MaaNS::EventDispatcher::notify] !!!OnEventNotify!!! [handle=true] [msg=Node.Action.Starting] [details={"action_id":500000190,"focus":null,"name":"弹窗守卫","task_id":200000003}] 
[2026-09-23 00:07:27.610][TRC][Px45320][Tx34803][Actuator.cpp][L27][MaaNS::TaskNS::Actuator::run] [pipeline_data.name=弹窗守卫] 
[2026-09-23 00:07:27.610][INF][Px45320][Tx34803][TaskBase.cpp][L137][MaaNS::TaskNS::TaskBase::run_action] action [i=0] [data.repeat=1] [result={"action":"DoNothing","action_id":500000190,"box":[0,0,0,0],"detail":{},"name":"弹窗守卫","success":true}] 
[2026-09-23 00:07:27.610][INF][Px45320][Tx34803][Utils/EventDispatcher.hpp][L65][MaaNS::EventDispatcher::notify] !!!OnEventNotify!!! [handle=true] [msg=Node.Action.Succeeded] [details={"action_details":{"action":"DoNothing","action_id":500000190,"box":[0,0,0,0],"detail":{},"name":"弹窗守卫","success":true},"action_id":500000190,"focus":null,"name":"弹窗守卫","task_id":200000003}] 
[2026-09-23 00:07:27.610][DBG][Px45320][Tx34803][TaskBase.cpp][L215][MaaNS::TaskNS::TaskBase::sleep] 150ms 
[2026-09-23 00:07:27.761][INF][Px45320][Tx34803][PipelineTask.cpp][L224][MaaNS::TaskNS::PipelineTask::run_next] PipelineTask node done [result={"action_id":500000190,"completed":true,"name":"弹窗守卫","node_id":300000190,"reco_id":400000562}] [task_id_=200000003] 
[2026-09-23 00:07:27.761][INF][Px45320][Tx34803][Utils/EventDispatcher.hpp][L65][MaaNS::EventDispatcher::notify] !!!OnEventNotify!!! [handle=true] [msg=Node.PipelineNode.Succeeded] [details={"action_details":{"action":"DoNothing","action_id":500000190,"box":[0,0,0,0],"detail":{},"name":"弹窗守卫","success":true},"focus":null,"name":"守卫空转","node_details":{"action_id":500000190,"completed":true,"name":"弹窗守卫","node_id":300000190,"reco_id":400000562},"node_id":300000190,"reco_details":{"algorithm":"DirectHit","box":[0,0,720,1280],"detail":null,"name":"弹窗守卫","reco_id":400000562},"task_id":200000003}] 
[2026-09-23 00:07:27.761][INF][Px45320][Tx34803][Utils/EventDispatcher.hpp][L65][MaaNS::EventDispatcher::notify] !!!OnEventNotify!!! [handle=true] [msg=Node.PipelineNode.Starting] [details={"focus":null,"name":"弹窗守卫","node_id":300000191,"task_id":200000003}] 
[2026-09-23 00:07:27.765][DBG][Px45320][Tx42061][ChildPipeIOStream.cpp][L84][MaaNS::ChildPipeIOStream::ChildPipeIOStream] [exec_=D:/MuMuPlayer-12.0/shell/adb.exe] [args_=["-s","127.0.0.1:16416","exec-out","screencap | gzip -1"]] [child_.id()=22688] 
[2026-09-23 00:07:27.898][DBG][Px45320][Tx42061][UnitBase.cpp][L58][MaaNS::CtrlUnitNs::UnitBase::startup_and_read_pipe] [output.size()=640462] [duration=137ms] 
[2026-09-23 00:07:27.915][DBG][Px45320][Tx34803][PipelineTask.cpp][L250][MaaNS::TaskNS::PipelineTask::recognize_list] [cur_node_=弹窗守卫] [list=[{"anchor":false,"jump_back":false,"name":"答题弹窗_先选择"},{"anchor":false,"jump_back":false,"name":"课程提醒_关闭"},{"anchor":false,"jump_back":false,"name":"存储提示_白色_取消"},{"anchor":false,"jump_back":false,"name":"存储提示_深色_知道了"},{"anchor":false,"jump_back":false,"name":"守卫空转"}]] | enter 
[2026-09-23 00:07:27.915][INF][Px45320][Tx34803][Utils/EventDispatcher.hpp][L65][MaaNS::EventDispatcher::notify] !!!OnEventNotify!!! [handle=true] [msg=Node.NextList.Starting] [details={"focus":null,"list":[{"anchor":false,"jump_back":false,"name":"答题弹窗_先选择"},{"anchor":false,"jump_back":false,"name":"课程提醒_关闭"},{"anchor":false,"jump_back":false,"name":"存储提示_白色_取消"},{"anchor":false,"jump_back":false,"name":"存储提示_深色_知道了"},{"anchor":false,"jump_back":false,"name":"守卫空转"}],"name":"弹窗守卫","task_id":200000003}] 
[2026-09-23 00:07:27.915][DBG][Px45320][Tx34803][PipelineTask.cpp][L367][MaaNS::TaskNS::PipelineTask::prepare_batch_ocr] batch OCR not needed, eligible OCR nodes < 2 [ctx.plan.entries.size()=0] 
[2026-09-23 00:07:27.915][DBG][Px45320][Tx34803][TaskBase.cpp][L61][MaaNS::TaskNS::TaskBase::run_recognition] [cur_node_=弹窗守卫] [data.name=答题弹窗_先选择] | enter 
[2026-09-23 00:07:27.915][INF][Px45320][Tx34803][Utils/EventDispatcher.hpp][L65][MaaNS::EventDispatcher::notify] !!!OnEventNotify!!! [handle=true] [msg=Node.Recognition.Starting] [details={"focus":null,"name":"答题弹窗_先选择","reco_id":400000563,"task_id":200000003}] 
[2026-09-23 00:07:27.922][DBG][Px45320][Tx34803][TemplateMatcher.cpp][L45][MaaNS::VisionNS::TemplateMatcher::analyze] 答题弹窗_先选择 [all_results_=[{"box":[142,211,80,38],"score":0.241644},{"box":[142,211,80,38],"score":0.262403},{"box":[145,229,80,38],"score":0.264807}]] [filtered_results_=[]] [best_result_=null] [cost=7ms] [param_.template_=["popup_quiz_judgement_title.png","popup_quiz_single_title.png","popup_quiz_multi_title.png"]] [templates_.size()=3] [param_.thresholds=[0.820000,0.820000,0.820000]] [param_.method=5] [param_.green_mask=false] 
[2026-09-23 00:07:27.922][INF][Px45320][Tx34803][Recognizer.cpp][L103][MaaNS::TaskNS::Recognizer::recognize] reco [result={"algorithm":"TemplateMatch","box":null,"detail":{"all":[{"box":[142,211,80,38],"score":0.241644},{"box":[142,211,80,38],"score":0.262403},{"box":[145,229,80,38],"score":0.264807}],"best":null,"filtered":[]},"name":"答题弹窗_先选择","reco_id":400000563}] 
[2026-09-23 00:07:27.922][INF][Px45320][Tx34803][Utils/EventDispatcher.hpp][L65][MaaNS::EventDispatcher::notify] !!!OnEventNotify!!! [handle=true] [msg=Node.Recognition.Failed] [details={"focus":null,"name":"答题弹窗_先选择","reco_details":{"algorithm":"TemplateMatch","box":null,"detail":{"all":[{"box":[142,211,80,38],"score":0.241644},{"box":[142,211,80,38],"score":0.262403},{"box":[145,229,80,38],"score":0.264807}],"best":null,"filtered":[]},"name":"答题弹窗_先选择","reco_id":400000563},"reco_id":400000563,"task_id":200000003}] 
[2026-09-23 00:07:27.922][TRC][Px45320][Tx34803][TaskBase.cpp][L61][MaaNS::TaskNS::TaskBase::run_recognition] | leave, 8ms 
[2026-09-23 00:07:27.922][DBG][Px45320][Tx34803][TaskBase.cpp][L61][MaaNS::TaskNS::TaskBase::run_recognition] [cur_node_=弹窗守卫] [data.name=课程提醒_关闭] | enter 
[2026-09-23 00:07:27.922][INF][Px45320][Tx34803][Utils/EventDispatcher.hpp][L65][MaaNS::EventDispatcher::notify] !!!OnEventNotify!!! [handle=true] [msg=Node.Recognition.Starting] [details={"focus":null,"name":"课程提醒_关闭","reco_id":400000564,"task_id":200000003}] 
[2026-09-23 00:07:27.926][DBG][Px45320][Tx34803][TemplateMatcher.cpp][L45][MaaNS::VisionNS::TemplateMatcher::analyze] 课程提醒_关闭 [all_results_=[{"box":[263,378,170,75],"score":0.384506}]] [filtered_results_=[]] [best_result_=null] [cost=2ms] [param_.template_=["popup_course_reminder_title.png"]] [templates_.size()=1] [param_.thresholds=[0.720000]] [param_.method=5] [param_.green_mask=false] 
[2026-09-23 00:07:27.926][INF][Px45320][Tx34803][Recognizer.cpp][L103][MaaNS::TaskNS::Recognizer::recognize] reco [result={"algorithm":"TemplateMatch","box":null,"detail":{"all":[{"box":[263,378,170,75],"score":0.384506}],"best":null,"filtered":[]},"name":"课程提醒_关闭","reco_id":400000564}] 
[2026-09-23 00:07:27.926][INF][Px45320][Tx34803][Utils/EventDispatcher.hpp][L65][MaaNS::EventDispatcher::notify] !!!OnEventNotify!!! [handle=true] [msg=Node.Recognition.Failed] [details={"focus":null,"name":"课程提醒_关闭","reco_details":{"algorithm":"TemplateMatch","box":null,"detail":{"all":[{"box":[263,378,170,75],"score":0.384506}],"best":null,"filtered":[]},"name":"课程提醒_关闭","reco_id":400000564},"reco_id":400000564,"task_id":200000003}] 
[2026-09-23 00:07:27.926][TRC][Px45320][Tx34803][TaskBase.cpp][L61][MaaNS::TaskNS::TaskBase::run_recognition] | leave, 3ms 
[2026-09-23 00:07:27.926][DBG][Px45320][Tx34803][TaskBase.cpp][L61][MaaNS::TaskNS::TaskBase::run_recognition] [cur_node_=弹窗守卫] [data.name=存储提示_白色_取消] | enter 
[2026-09-23 00:07:27.926][INF][Px45320][Tx34803][Utils/EventDispatcher.hpp][L65][MaaNS::EventDispatcher::notify] !!!OnEventNotify!!! [handle=true] [msg=Node.Recognition.Starting] [details={"focus":null,"name":"存储提示_白色_取消","reco_id":400000565,"task_id":200000003}] 
[2026-09-23 00:07:27.929][DBG][Px45320][Tx34803][TemplateMatcher.cpp][L45][MaaNS::VisionNS::TemplateMatcher::analyze] 存储提示_白色_取消 [all_results_=[]] [filtered_results_=[]] [best_result_=null] [cost=2ms] [param_.template_=["popup_storage_white_title.png"]] [templates_.size()=1] [param_.thresholds=[0.720000]] [param_.method=5] [param_.green_mask=false] 
[2026-09-23 00:07:27.929][INF][Px45320][Tx34803][Recognizer.cpp][L103][MaaNS::TaskNS::Recognizer::recognize] reco [result={"algorithm":"TemplateMatch","box":null,"detail":{"all":[],"best":null,"filtered":[]},"name":"存储提示_白色_取消","reco_id":400000565}] 
[2026-09-23 00:07:27.929][INF][Px45320][Tx34803][Utils/EventDispatcher.hpp][L65][MaaNS::EventDispatcher::notify] !!!OnEventNotify!!! [handle=true] [msg=Node.Recognition.Failed] [details={"focus":null,"name":"存储提示_白色_取消","reco_details":{"algorithm":"TemplateMatch","box":null,"detail":{"all":[],"best":null,"filtered":[]},"name":"存储提示_白色_取消","reco_id":400000565},"reco_id":400000565,"task_id":200000003}] 
[2026-09-23 00:07:27.929][TRC][Px45320][Tx34803][TaskBase.cpp][L61][MaaNS::TaskNS::TaskBase::run_recognition] | leave, 2ms 
[2026-09-23 00:07:27.929][DBG][Px45320][Tx34803][TaskBase.cpp][L61][MaaNS::TaskNS::TaskBase::run_recognition] [cur_node_=弹窗守卫] [data.name=存储提示_深色_知道了] | enter 
[2026-09-23 00:07:27.929][INF][Px45320][Tx34803][Utils/EventDispatcher.hpp][L65][MaaNS::EventDispatcher::notify] !!!OnEventNotify!!! [handle=true] [msg=Node.Recognition.Starting] [details={"focus":null,"name":"存储提示_深色_知道了","reco_id":400000566,"task_id":200000003}] 
[2026-09-23 00:07:27.931][DBG][Px45320][Tx34803][TemplateMatcher.cpp][L45][MaaNS::VisionNS::TemplateMatcher::analyze] 存储提示_深色_知道了 [all_results_=[]] [filtered_results_=[]] [best_result_=null] [cost=2ms] [param_.template_=["popup_storage_dark_title.png"]] [templates_.size()=1] [param_.thresholds=[0.720000]] [param_.method=5] [param_.green_mask=false] 
[2026-09-23 00:07:27.931][INF][Px45320][Tx34803][Recognizer.cpp][L103][MaaNS::TaskNS::Recognizer::recognize] reco [result={"algorithm":"TemplateMatch","box":null,"detail":{"all":[],"best":null,"filtered":[]},"name":"存储提示_深色_知道了","reco_id":400000566}] 
[2026-09-23 00:07:27.931][INF][Px45320][Tx34803][Utils/EventDispatcher.hpp][L65][MaaNS::EventDispatcher::notify] !!!OnEventNotify!!! [handle=true] [msg=Node.Recognition.Failed] [details={"focus":null,"name":"存储提示_深色_知道了","reco_details":{"algorithm":"TemplateMatch","box":null,"detail":{"all":[],"best":null,"filtered":[]},"name":"存储提示_深色_知道了","reco_id":400000566},"reco_id":400000566,"task_id":200000003}] 
[2026-09-23 00:07:27.931][TRC][Px45320][Tx34803][TaskBase.cpp][L61][MaaNS::TaskNS::TaskBase::run_recognition] | leave, 2ms 
[2026-09-23 00:07:27.931][DBG][Px45320][Tx34803][TaskBase.cpp][L61][MaaNS::TaskNS::TaskBase::run_recognition] [cur_node_=弹窗守卫] [data.name=守卫空转] | enter 
[2026-09-23 00:07:27.931][INF][Px45320][Tx34803][Utils/EventDispatcher.hpp][L65][MaaNS::EventDispatcher::notify] !!!OnEventNotify!!! [handle=true] [msg=Node.Recognition.Starting] [details={"focus":null,"name":"守卫空转","reco_id":400000567,"task_id":200000003}] 
[2026-09-23 00:07:27.931][DBG][Px45320][Tx34803][Recognizer.cpp][L136][MaaNS::TaskNS::Recognizer::direct_hit] 守卫空转 
[2026-09-23 00:07:27.931][INF][Px45320][Tx34803][Recognizer.cpp][L103][MaaNS::TaskNS::Recognizer::recognize] reco [result={"algorithm":"DirectHit","box":[0,0,720,1280],"detail":null,"name":"守卫空转","reco_id":400000567}] 
[2026-09-23 00:07:27.931][INF][Px45320][Tx34803][Utils/EventDispatcher.hpp][L65][MaaNS::EventDispatcher::notify] !!!OnEventNotify!!! [handle=true] [msg=Node.Recognition.Succeeded] [details={"focus":null,"name":"守卫空转","reco_details":{"algorithm":"DirectHit","box":[0,0,720,1280],"detail":null,"name":"守卫空转","reco_id":400000567},"reco_id":400000567,"task_id":200000003}] 
[2026-09-23 00:07:27.931][TRC][Px45320][Tx34803][TaskBase.cpp][L61][MaaNS::TaskNS::TaskBase::run_recognition] | leave, 0ms 
[2026-09-23 00:07:27.931][INF][Px45320][Tx34803][PipelineTask.cpp][L312][MaaNS::TaskNS::PipelineTask::recognize_list] reco hit [result.name=守卫空转] [result.box=[0,0,720,1280]] 
[2026-09-23 00:07:27.931][INF][Px45320][Tx34803][Utils/EventDispatcher.hpp][L65][MaaNS::EventDispatcher::notify] !!!OnEventNotify!!! [handle=true] [msg=Node.NextList.Succeeded] [details={"focus":null,"list":[{"anchor":false,"jump_back":false,"name":"答题弹窗_先选择"},{"anchor":false,"jump_back":false,"name":"课程提醒_关闭"},{"anchor":false,"jump_back":false,"name":"存储提示_白色_取消"},{"anchor":false,"jump_back":false,"name":"存储提示_深色_知道了"},{"anchor":false,"jump_back":false,"name":"守卫空转"}],"name":"弹窗守卫","task_id":200000003}] 
[2026-09-23 00:07:27.932][TRC][Px45320][Tx34803][PipelineTask.cpp][L250][MaaNS::TaskNS::PipelineTask::recognize_list] | leave, 16ms 
[2026-09-23 00:07:27.932][DBG][Px45320][Tx34803][TaskBase.cpp][L215][MaaNS::TaskNS::TaskBase::sleep] 0ms 
[2026-09-23 00:07:27.932][INF][Px45320][Tx34803][Utils/EventDispatcher.hpp][L65][MaaNS::EventDispatcher::notify] !!!OnEventNotify!!! [handle=true] [msg=Node.Action.Starting] [details={"action_id":500000191,"focus":null,"name":"守卫空转","task_id":200000003}] 
[2026-09-23 00:07:27.932][TRC][Px45320][Tx34803][Actuator.cpp][L27][MaaNS::TaskNS::Actuator::run] [pipeline_data.name=守卫空转] 
[2026-09-23 00:07:27.932][INF][Px45320][Tx34803][TaskBase.cpp][L137][MaaNS::TaskNS::TaskBase::run_action] action [i=0] [data.repeat=1] [result={"action":"DoNothing","action_id":500000191,"box":[0,0,0,0],"detail":{},"name":"守卫空转","success":true}] 
[2026-09-23 00:07:27.932][INF][Px45320][Tx34803][Utils/EventDispatcher.hpp][L65][MaaNS::EventDispatcher::notify] !!!OnEventNotify!!! [handle=true] [msg=Node.Action.Succeeded] [details={"action_details":{"action":"DoNothing","action_id":500000191,"box":[0,0,0,0],"detail":{},"name":"守卫空转","success":true},"action_id":500000191,"focus":null,"name":"守卫空转","task_id":200000003}] 
[2026-09-23 00:07:27.932][DBG][Px45320][Tx34803][TaskBase.cpp][L215][MaaNS::TaskNS::TaskBase::sleep] 400ms 
[2026-09-23 00:07:28.333][INF][Px45320][Tx34803][PipelineTask.cpp][L224][MaaNS::TaskNS::PipelineTask::run_next] PipelineTask node done [result={"action_id":500000191,"completed":true,"name":"守卫空转","node_id":300000191,"reco_id":400000567}] [task_id_=200000003] 
[2026-09-23 00:07:28.333][INF][Px45320][Tx34803][Utils/EventDispatcher.hpp][L65][MaaNS::EventDispatcher::notify] !!!OnEventNotify!!! [handle=true] [msg=Node.PipelineNode.Succeeded] [details={"action_details":{"action":"DoNothing","action_id":500000191,"box":[0,0,0,0],"detail":{},"name":"守卫空转","success":true},"focus":null,"name":"弹窗守卫","node_details":{"action_id":500000191,"completed":true,"name":"守卫空转","node_id":300000191,"reco_id":400000567},"node_id":300000191,"reco_details":{"algorithm":"DirectHit","box":[0,0,720,1280],"detail":null,"name":"守卫空转","reco_id":400000567},"task_id":200000003}] 
[2026-09-23 00:07:28.333][INF][Px45320][Tx34803][Utils/EventDispatcher.hpp][L65][MaaNS::EventDispatcher::notify] !!!OnEventNotify!!! [handle=true] [msg=Node.PipelineNode.Starting] [details={"focus":null,"name":"守卫空转","node_id":300000192,"task_id":200000003}] 
[2026-09-23 00:07:28.337][DBG][Px45320][Tx42061][ChildPipeIOStream.cpp][L84][MaaNS::ChildPipeIOStream::ChildPipeIOStream] [exec_=D:/MuMuPlayer-12.0/shell/adb.exe] [args_=["-s","127.0.0.1:16416","exec-out","screencap | gzip -1"]] [child_.id()=9536] 
[2026-09-23 00:07:28.462][DBG][Px45320][Tx42061][UnitBase.cpp][L58][MaaNS::CtrlUnitNs::UnitBase::startup_and_read_pipe] [output.size()=640163] [duration=129ms] 
[2026-09-23 00:07:28.479][DBG][Px45320][Tx34803][PipelineTask.cpp][L250][MaaNS::TaskNS::PipelineTask::recognize_list] [cur_node_=守卫空转] [list=[{"anchor":false,"jump_back":false,"name":"弹窗守卫"}]] | enter 
[2026-09-23 00:07:28.479][INF][Px45320][Tx34803][Utils/EventDispatcher.hpp][L65][MaaNS::EventDispatcher::notify] !!!OnEventNotify!!! [handle=true] [msg=Node.NextList.Starting] [details={"focus":null,"list":[{"anchor":false,"jump_back":false,"name":"弹窗守卫"}],"name":"守卫空转","task_id":200000003}] 
[2026-09-23 00:07:28.479][DBG][Px45320][Tx34803][PipelineTask.cpp][L367][MaaNS::TaskNS::PipelineTask::prepare_batch_ocr] batch OCR not needed, eligible OCR nodes < 2 [ctx.plan.entries.size()=0] 
[2026-09-23 00:07:28.479][DBG][Px45320][Tx34803][TaskBase.cpp][L61][MaaNS::TaskNS::TaskBase::run_recognition] [cur_node_=守卫空转] [data.name=弹窗守卫] | enter 
[2026-09-23 00:07:28.479][INF][Px45320][Tx34803][Utils/EventDispatcher.hpp][L65][MaaNS::EventDispatcher::notify] !!!OnEventNotify!!! [handle=true] [msg=Node.Recognition.Starting] [details={"focus":null,"name":"弹窗守卫","reco_id":400000568,"task_id":200000003}] 
[2026-09-23 00:07:28.479][DBG][Px45320][Tx34803][Recognizer.cpp][L136][MaaNS::TaskNS::Recognizer::direct_hit] 弹窗守卫 
[2026-09-23 00:07:28.479][INF][Px45320][Tx34803][Recognizer.cpp][L103][MaaNS::TaskNS::Recognizer::recognize] reco [result={"algorithm":"DirectHit","box":[0,0,720,1280],"detail":null,"name":"弹窗守卫","reco_id":400000568}] 
[2026-09-23 00:07:28.479][INF][Px45320][Tx34803][Utils/EventDispatcher.hpp][L65][MaaNS::EventDispatcher::notify] !!!OnEventNotify!!! [handle=true] [msg=Node.Recognition.Succeeded] [details={"focus":null,"name":"弹窗守卫","reco_details":{"algorithm":"DirectHit","box":[0,0,720,1280],"detail":null,"name":"弹窗守卫","reco_id":400000568},"reco_id":400000568,"task_id":200000003}] 
[2026-09-23 00:07:28.479][TRC][Px45320][Tx34803][TaskBase.cpp][L61][MaaNS::TaskNS::TaskBase::run_recognition] | leave, 0ms 
[2026-09-23 00:07:28.479][INF][Px45320][Tx34803][PipelineTask.cpp][L312][MaaNS::TaskNS::PipelineTask::recognize_list] reco hit [result.name=弹窗守卫] [result.box=[0,0,720,1280]] 
[2026-09-23 00:07:28.479][INF][Px45320][Tx34803][Utils/EventDispatcher.hpp][L65][MaaNS::EventDispatcher::notify] !!!OnEventNotify!!! [handle=true] [msg=Node.NextList.Succeeded] [details={"focus":null,"list":[{"anchor":false,"jump_back":false,"name":"弹窗守卫"}],"name":"守卫空转","task_id":200000003}] 
[2026-09-23 00:07:28.479][TRC][Px45320][Tx34803][PipelineTask.cpp][L250][MaaNS::TaskNS::PipelineTask::recognize_list] | leave, 0ms 
[2026-09-23 00:07:28.479][DBG][Px45320][Tx34803][TaskBase.cpp][L215][MaaNS::TaskNS::TaskBase::sleep] 0ms 
[2026-09-23 00:07:28.479][INF][Px45320][Tx34803][Utils/EventDispatcher.hpp][L65][MaaNS::EventDispatcher::notify] !!!OnEventNotify!!! [handle=true] [msg=Node.Action.Starting] [details={"action_id":500000192,"focus":null,"name":"弹窗守卫","task_id":200000003}] 
[2026-09-23 00:07:28.479][TRC][Px45320][Tx34803][Actuator.cpp][L27][MaaNS::TaskNS::Actuator::run] [pipeline_data.name=弹窗守卫] 
[2026-09-23 00:07:28.479][INF][Px45320][Tx34803][TaskBase.cpp][L137][MaaNS::TaskNS::TaskBase::run_action] action [i=0] [data.repeat=1] [result={"action":"DoNothing","action_id":500000192,"box":[0,0,0,0],"detail":{},"name":"弹窗守卫","success":true}] 
[2026-09-23 00:07:28.479][INF][Px45320][Tx34803][Utils/EventDispatcher.hpp][L65][MaaNS::EventDispatcher::notify] !!!OnEventNotify!!! [handle=true] [msg=Node.Action.Succeeded] [details={"action_details":{"action":"DoNothing","action_id":500000192,"box":[0,0,0,0],"detail":{},"name":"弹窗守卫","success":true},"action_id":500000192,"focus":null,"name":"弹窗守卫","task_id":200000003}] 
[2026-09-23 00:07:28.479][DBG][Px45320][Tx34803][TaskBase.cpp][L215][MaaNS::TaskNS::TaskBase::sleep] 150ms 
[2026-09-23 00:07:28.630][INF][Px45320][Tx34803][PipelineTask.cpp][L224][MaaNS::TaskNS::PipelineTask::run_next] PipelineTask node done [result={"action_id":500000192,"completed":true,"name":"弹窗守卫","node_id":300000192,"reco_id":400000568}] [task_id_=200000003] 
[2026-09-23 00:07:28.630][INF][Px45320][Tx34803][Utils/EventDispatcher.hpp][L65][MaaNS::EventDispatcher::notify] !!!OnEventNotify!!! [handle=true] [msg=Node.PipelineNode.Succeeded] [details={"action_details":{"action":"DoNothing","action_id":500000192,"box":[0,0,0,0],"detail":{},"name":"弹窗守卫","success":true},"focus":null,"name":"守卫空转","node_details":{"action_id":500000192,"completed":true,"name":"弹窗守卫","node_id":300000192,"reco_id":400000568},"node_id":300000192,"reco_details":{"algorithm":"DirectHit","box":[0,0,720,1280],"detail":null,"name":"弹窗守卫","reco_id":400000568},"task_id":200000003}] 
[2026-09-23 00:07:28.630][INF][Px45320][Tx34803][Utils/EventDispatcher.hpp][L65][MaaNS::EventDispatcher::notify] !!!OnEventNotify!!! [handle=true] [msg=Node.PipelineNode.Starting] [details={"focus":null,"name":"弹窗守卫","node_id":300000193,"task_id":200000003}] 
[2026-09-23 00:07:28.634][DBG][Px45320][Tx42061][ChildPipeIOStream.cpp][L84][MaaNS::ChildPipeIOStream::ChildPipeIOStream] [exec_=D:/MuMuPlayer-12.0/shell/adb.exe] [args_=["-s","127.0.0.1:16416","exec-out","screencap | gzip -1"]] [child_.id()=47096] 
[2026-09-23 00:07:28.760][DBG][Px45320][Tx42061][UnitBase.cpp][L58][MaaNS::CtrlUnitNs::UnitBase::startup_and_read_pipe] [output.size()=640396] [duration=130ms] 
[2026-09-23 00:07:28.777][DBG][Px45320][Tx34803][PipelineTask.cpp][L250][MaaNS::TaskNS::PipelineTask::recognize_list] [cur_node_=弹窗守卫] [list=[{"anchor":false,"jump_back":false,"name":"答题弹窗_先选择"},{"anchor":false,"jump_back":false,"name":"课程提醒_关闭"},{"anchor":false,"jump_back":false,"name":"存储提示_白色_取消"},{"anchor":false,"jump_back":false,"name":"存储提示_深色_知道了"},{"anchor":false,"jump_back":false,"name":"守卫空转"}]] | enter 
[2026-09-23 00:07:28.777][INF][Px45320][Tx34803][Utils/EventDispatcher.hpp][L65][MaaNS::EventDispatcher::notify] !!!OnEventNotify!!! [handle=true] [msg=Node.NextList.Starting] [details={"focus":null,"list":[{"anchor":false,"jump_back":false,"name":"答题弹窗_先选择"},{"anchor":false,"jump_back":false,"name":"课程提醒_关闭"},{"anchor":false,"jump_back":false,"name":"存储提示_白色_取消"},{"anchor":false,"jump_back":false,"name":"存储提示_深色_知道了"},{"anchor":false,"jump_back":false,"name":"守卫空转"}],"name":"弹窗守卫","task_id":200000003}] 
[2026-09-23 00:07:28.777][DBG][Px45320][Tx34803][PipelineTask.cpp][L367][MaaNS::TaskNS::PipelineTask::prepare_batch_ocr] batch OCR not needed, eligible OCR nodes < 2 [ctx.plan.entries.size()=0] 
[2026-09-23 00:07:28.777][DBG][Px45320][Tx34803][TaskBase.cpp][L61][MaaNS::TaskNS::TaskBase::run_recognition] [cur_node_=弹窗守卫] [data.name=答题弹窗_先选择] | enter 
[2026-09-23 00:07:28.777][INF][Px45320][Tx34803][Utils/EventDispatcher.hpp][L65][MaaNS::EventDispatcher::notify] !!!OnEventNotify!!! [handle=true] [msg=Node.Recognition.Starting] [details={"focus":null,"name":"答题弹窗_先选择","reco_id":400000569,"task_id":200000003}] 
[2026-09-23 00:07:28.785][DBG][Px45320][Tx34803][TemplateMatcher.cpp][L45][MaaNS::VisionNS::TemplateMatcher::analyze] 答题弹窗_先选择 [all_results_=[{"box":[142,211,80,38],"score":0.241544},{"box":[142,211,80,38],"score":0.262403},{"box":[145,229,80,38],"score":0.264857}]] [filtered_results_=[]] [best_result_=null] [cost=7ms] [param_.template_=["popup_quiz_judgement_title.png","popup_quiz_single_title.png","popup_quiz_multi_title.png"]] [templates_.size()=3] [param_.thresholds=[0.820000,0.820000,0.820000]] [param_.method=5] [param_.green_mask=false] 
[2026-09-23 00:07:28.785][INF][Px45320][Tx34803][Recognizer.cpp][L103][MaaNS::TaskNS::Recognizer::recognize] reco [result={"algorithm":"TemplateMatch","box":null,"detail":{"all":[{"box":[142,211,80,38],"score":0.241544},{"box":[142,211,80,38],"score":0.262403},{"box":[145,229,80,38],"score":0.264857}],"best":null,"filtered":[]},"name":"答题弹窗_先选择","reco_id":400000569}] 
[2026-09-23 00:07:28.785][INF][Px45320][Tx34803][Utils/EventDispatcher.hpp][L65][MaaNS::EventDispatcher::notify] !!!OnEventNotify!!! [handle=true] [msg=Node.Recognition.Failed] [details={"focus":null,"name":"答题弹窗_先选择","reco_details":{"algorithm":"TemplateMatch","box":null,"detail":{"all":[{"box":[142,211,80,38],"score":0.241544},{"box":[142,211,80,38],"score":0.262403},{"box":[145,229,80,38],"score":0.264857}],"best":null,"filtered":[]},"name":"答题弹窗_先选择","reco_id":400000569},"reco_id":400000569,"task_id":200000003}] 
[2026-09-23 00:07:28.785][TRC][Px45320][Tx34803][TaskBase.cpp][L61][MaaNS::TaskNS::TaskBase::run_recognition] | leave, 7ms 
[2026-09-23 00:07:28.785][DBG][Px45320][Tx34803][TaskBase.cpp][L61][MaaNS::TaskNS::TaskBase::run_recognition] [cur_node_=弹窗守卫] [data.name=课程提醒_关闭] | enter 
[2026-09-23 00:07:28.785][INF][Px45320][Tx34803][Utils/EventDispatcher.hpp][L65][MaaNS::EventDispatcher::notify] !!!OnEventNotify!!! [handle=true] [msg=Node.Recognition.Starting] [details={"focus":null,"name":"课程提醒_关闭","reco_id":400000570,"task_id":200000003}] 
[2026-09-23 00:07:28.788][DBG][Px45320][Tx34803][TemplateMatcher.cpp][L45][MaaNS::VisionNS::TemplateMatcher::analyze] 课程提醒_关闭 [all_results_=[{"box":[263,378,170,75],"score":0.384560}]] [filtered_results_=[]] [best_result_=null] [cost=2ms] [param_.template_=["popup_course_reminder_title.png"]] [templates_.size()=1] [param_.thresholds=[0.720000]] [param_.method=5] [param_.green_mask=false] 
[2026-09-23 00:07:28.788][INF][Px45320][Tx34803][Recognizer.cpp][L103][MaaNS::TaskNS::Recognizer::recognize] reco [result={"algorithm":"TemplateMatch","box":null,"detail":{"all":[{"box":[263,378,170,75],"score":0.384560}],"best":null,"filtered":[]},"name":"课程提醒_关闭","reco_id":400000570}] 
[2026-09-23 00:07:28.788][INF][Px45320][Tx34803][Utils/EventDispatcher.hpp][L65][MaaNS::EventDispatcher::notify] !!!OnEventNotify!!! [handle=true] [msg=Node.Recognition.Failed] [details={"focus":null,"name":"课程提醒_关闭","reco_details":{"algorithm":"TemplateMatch","box":null,"detail":{"all":[{"box":[263,378,170,75],"score":0.384560}],"best":null,"filtered":[]},"name":"课程提醒_关闭","reco_id":400000570},"reco_id":400000570,"task_id":200000003}] 
[2026-09-23 00:07:28.788][TRC][Px45320][Tx34803][TaskBase.cpp][L61][MaaNS::TaskNS::TaskBase::run_recognition] | leave, 2ms 
[2026-09-23 00:07:28.788][DBG][Px45320][Tx34803][TaskBase.cpp][L61][MaaNS::TaskNS::TaskBase::run_recognition] [cur_node_=弹窗守卫] [data.name=存储提示_白色_取消] | enter 
[2026-09-23 00:07:28.788][INF][Px45320][Tx34803][Utils/EventDispatcher.hpp][L65][MaaNS::EventDispatcher::notify] !!!OnEventNotify!!! [handle=true] [msg=Node.Recognition.Starting] [details={"focus":null,"name":"存储提示_白色_取消","reco_id":400000571,"task_id":200000003}] 
[2026-09-23 00:07:28.791][DBG][Px45320][Tx34803][TemplateMatcher.cpp][L45][MaaNS::VisionNS::TemplateMatcher::analyze] 存储提示_白色_取消 [all_results_=[]] [filtered_results_=[]] [best_result_=null] [cost=2ms] [param_.template_=["popup_storage_white_title.png"]] [templates_.size()=1] [param_.thresholds=[0.720000]] [param_.method=5] [param_.green_mask=false] 
[2026-09-23 00:07:28.791][INF][Px45320][Tx34803][Recognizer.cpp][L103][MaaNS::TaskNS::Recognizer::recognize] reco [result={"algorithm":"TemplateMatch","box":null,"detail":{"all":[],"best":null,"filtered":[]},"name":"存储提示_白色_取消","reco_id":400000571}] 
[2026-09-23 00:07:28.791][INF][Px45320][Tx34803][Utils/EventDispatcher.hpp][L65][MaaNS::EventDispatcher::notify] !!!OnEventNotify!!! [handle=true] [msg=Node.Recognition.Failed] [details={"focus":null,"name":"存储提示_白色_取消","reco_details":{"algorithm":"TemplateMatch","box":null,"detail":{"all":[],"best":null,"filtered":[]},"name":"存储提示_白色_取消","reco_id":400000571},"reco_id":400000571,"task_id":200000003}] 
[2026-09-23 00:07:28.791][TRC][Px45320][Tx34803][TaskBase.cpp][L61][MaaNS::TaskNS::TaskBase::run_recognition] | leave, 2ms 
[2026-09-23 00:07:28.791][DBG][Px45320][Tx34803][TaskBase.cpp][L61][MaaNS::TaskNS::TaskBase::run_recognition] [cur_node_=弹窗守卫] [data.name=存储提示_深色_知道了] | enter 
[2026-09-23 00:07:28.791][INF][Px45320][Tx34803][Utils/EventDispatcher.hpp][L65][MaaNS::EventDispatcher::notify] !!!OnEventNotify!!! [handle=true] [msg=Node.Recognition.Starting] [details={"focus":null,"name":"存储提示_深色_知道了","reco_id":400000572,"task_id":200000003}] 
[2026-09-23 00:07:28.793][DBG][Px45320][Tx34803][TemplateMatcher.cpp][L45][MaaNS::VisionNS::TemplateMatcher::analyze] 存储提示_深色_知道了 [all_results_=[]] [filtered_results_=[]] [best_result_=null] [cost=2ms] [param_.template_=["popup_storage_dark_title.png"]] [templates_.size()=1] [param_.thresholds=[0.720000]] [param_.method=5] [param_.green_mask=false] 
[2026-09-23 00:07:28.793][INF][Px45320][Tx34803][Recognizer.cpp][L103][MaaNS::TaskNS::Recognizer::recognize] reco [result={"algorithm":"TemplateMatch","box":null,"detail":{"all":[],"best":null,"filtered":[]},"name":"存储提示_深色_知道了","reco_id":400000572}] 
[2026-09-23 00:07:28.793][INF][Px45320][Tx34803][Utils/EventDispatcher.hpp][L65][MaaNS::EventDispatcher::notify] !!!OnEventNotify!!! [handle=true] [msg=Node.Recognition.Failed] [details={"focus":null,"name":"存储提示_深色_知道了","reco_details":{"algorithm":"TemplateMatch","box":null,"detail":{"all":[],"best":null,"filtered":[]},"name":"存储提示_深色_知道了","reco_id":400000572},"reco_id":400000572,"task_id":200000003}] 
[2026-09-23 00:07:28.793][TRC][Px45320][Tx34803][TaskBase.cpp][L61][MaaNS::TaskNS::TaskBase::run_recognition] | leave, 2ms 
[2026-09-23 00:07:28.793][DBG][Px45320][Tx34803][TaskBase.cpp][L61][MaaNS::TaskNS::TaskBase::run_recognition] [cur_node_=弹窗守卫] [data.name=守卫空转] | enter 
[2026-09-23 00:07:28.793][INF][Px45320][Tx34803][Utils/EventDispatcher.hpp][L65][MaaNS::EventDispatcher::notify] !!!OnEventNotify!!! [handle=true] [msg=Node.Recognition.Starting] [details={"focus":null,"name":"守卫空转","reco_id":400000573,"task_id":200000003}] 
[2026-09-23 00:07:28.793][DBG][Px45320][Tx34803][Recognizer.cpp][L136][MaaNS::TaskNS::Recognizer::direct_hit] 守卫空转 
[2026-09-23 00:07:28.793][INF][Px45320][Tx34803][Recognizer.cpp][L103][MaaNS::TaskNS::Recognizer::recognize] reco [result={"algorithm":"DirectHit","box":[0,0,720,1280],"detail":null,"name":"守卫空转","reco_id":400000573}] 
[2026-09-23 00:07:28.793][INF][Px45320][Tx34803][Utils/EventDispatcher.hpp][L65][MaaNS::EventDispatcher::notify] !!!OnEventNotify!!! [handle=true] [msg=Node.Recognition.Succeeded] [details={"focus":null,"name":"守卫空转","reco_details":{"algorithm":"DirectHit","box":[0,0,720,1280],"detail":null,"name":"守卫空转","reco_id":400000573},"reco_id":400000573,"task_id":200000003}] 
[2026-09-23 00:07:28.793][TRC][Px45320][Tx34803][TaskBase.cpp][L61][MaaNS::TaskNS::TaskBase::run_recognition] | leave, 0ms 
[2026-09-23 00:07:28.793][INF][Px45320][Tx34803][PipelineTask.cpp][L312][MaaNS::TaskNS::PipelineTask::recognize_list] reco hit [result.name=守卫空转] [result.box=[0,0,720,1280]] 
[2026-09-23 00:07:28.793][INF][Px45320][Tx34803][Utils/EventDispatcher.hpp][L65][MaaNS::EventDispatcher::notify] !!!OnEventNotify!!! [handle=true] [msg=Node.NextList.Succeeded] [details={"focus":null,"list":[{"anchor":false,"jump_back":false,"name":"答题弹窗_先选择"},{"anchor":false,"jump_back":false,"name":"课程提醒_关闭"},{"anchor":false,"jump_back":false,"name":"存储提示_白色_取消"},{"anchor":false,"jump_back":false,"name":"存储提示_深色_知道了"},{"anchor":false,"jump_back":false,"name":"守卫空转"}],"name":"弹窗守卫","task_id":200000003}] 
[2026-09-23 00:07:28.793][TRC][Px45320][Tx34803][PipelineTask.cpp][L250][MaaNS::TaskNS::PipelineTask::recognize_list] | leave, 15ms 
[2026-09-23 00:07:28.793][DBG][Px45320][Tx34803][TaskBase.cpp][L215][MaaNS::TaskNS::TaskBase::sleep] 0ms 
[2026-09-23 00:07:28.793][INF][Px45320][Tx34803][Utils/EventDispatcher.hpp][L65][MaaNS::EventDispatcher::notify] !!!OnEventNotify!!! [handle=true] [msg=Node.Action.Starting] [details={"action_id":500000193,"focus":null,"name":"守卫空转","task_id":200000003}] 
[2026-09-23 00:07:28.793][TRC][Px45320][Tx34803][Actuator.cpp][L27][MaaNS::TaskNS::Actuator::run] [pipeline_data.name=守卫空转] 
[2026-09-23 00:07:28.793][INF][Px45320][Tx34803][TaskBase.cpp][L137][MaaNS::TaskNS::TaskBase::run_action] action [i=0] [data.repeat=1] [result={"action":"DoNothing","action_id":500000193,"box":[0,0,0,0],"detail":{},"name":"守卫空转","success":true}] 
[2026-09-23 00:07:28.793][INF][Px45320][Tx34803][Utils/EventDispatcher.hpp][L65][MaaNS::EventDispatcher::notify] !!!OnEventNotify!!! [handle=true] [msg=Node.Action.Succeeded] [details={"action_details":{"action":"DoNothing","action_id":500000193,"box":[0,0,0,0],"detail":{},"name":"守卫空转","success":true},"action_id":500000193,"focus":null,"name":"守卫空转","task_id":200000003}] 
[2026-09-23 00:07:28.793][DBG][Px45320][Tx34803][TaskBase.cpp][L215][MaaNS::TaskNS::TaskBase::sleep] 400ms 
[2026-09-23 00:07:29.194][INF][Px45320][Tx34803][PipelineTask.cpp][L224][MaaNS::TaskNS::PipelineTask::run_next] PipelineTask node done [result={"action_id":500000193,"completed":true,"name":"守卫空转","node_id":300000193,"reco_id":400000573}] [task_id_=200000003] 
[2026-09-23 00:07:29.194][INF][Px45320][Tx34803][Utils/EventDispatcher.hpp][L65][MaaNS::EventDispatcher::notify] !!!OnEventNotify!!! [handle=true] [msg=Node.PipelineNode.Succeeded] [details={"action_details":{"action":"DoNothing","action_id":500000193,"box":[0,0,0,0],"detail":{},"name":"守卫空转","success":true},"focus":null,"name":"弹窗守卫","node_details":{"action_id":500000193,"completed":true,"name":"守卫空转","node_id":300000193,"reco_id":400000573},"node_id":300000193,"reco_details":{"algorithm":"DirectHit","box":[0,0,720,1280],"detail":null,"name":"守卫空转","reco_id":400000573},"task_id":200000003}] 
[2026-09-23 00:07:29.194][INF][Px45320][Tx34803][Utils/EventDispatcher.hpp][L65][MaaNS::EventDispatcher::notify] !!!OnEventNotify!!! [handle=true] [msg=Node.PipelineNode.Starting] [details={"focus":null,"name":"守卫空转","node_id":300000194,"task_id":200000003}] 
[2026-09-23 00:07:29.198][DBG][Px45320][Tx42061][ChildPipeIOStream.cpp][L84][MaaNS::ChildPipeIOStream::ChildPipeIOStream] [exec_=D:/MuMuPlayer-12.0/shell/adb.exe] [args_=["-s","127.0.0.1:16416","exec-out","screencap | gzip -1"]] [child_.id()=45592] 
[2026-09-23 00:07:29.342][DBG][Px45320][Tx42061][UnitBase.cpp][L58][MaaNS::CtrlUnitNs::UnitBase::startup_and_read_pipe] [output.size()=636756] [duration=147ms] 
[2026-09-23 00:07:29.358][DBG][Px45320][Tx34803][PipelineTask.cpp][L250][MaaNS::TaskNS::PipelineTask::recognize_list] [cur_node_=守卫空转] [list=[{"anchor":false,"jump_back":false,"name":"弹窗守卫"}]] | enter 
[2026-09-23 00:07:29.358][INF][Px45320][Tx34803][Utils/EventDispatcher.hpp][L65][MaaNS::EventDispatcher::notify] !!!OnEventNotify!!! [handle=true] [msg=Node.NextList.Starting] [details={"focus":null,"list":[{"anchor":false,"jump_back":false,"name":"弹窗守卫"}],"name":"守卫空转","task_id":200000003}] 
[2026-09-23 00:07:29.358][DBG][Px45320][Tx34803][PipelineTask.cpp][L367][MaaNS::TaskNS::PipelineTask::prepare_batch_ocr] batch OCR not needed, eligible OCR nodes < 2 [ctx.plan.entries.size()=0] 
[2026-09-23 00:07:29.358][DBG][Px45320][Tx34803][TaskBase.cpp][L61][MaaNS::TaskNS::TaskBase::run_recognition] [cur_node_=守卫空转] [data.name=弹窗守卫] | enter 
[2026-09-23 00:07:29.358][INF][Px45320][Tx34803][Utils/EventDispatcher.hpp][L65][MaaNS::EventDispatcher::notify] !!!OnEventNotify!!! [handle=true] [msg=Node.Recognition.Starting] [details={"focus":null,"name":"弹窗守卫","reco_id":400000574,"task_id":200000003}] 
[2026-09-23 00:07:29.358][DBG][Px45320][Tx34803][Recognizer.cpp][L136][MaaNS::TaskNS::Recognizer::direct_hit] 弹窗守卫 
[2026-09-23 00:07:29.358][INF][Px45320][Tx34803][Recognizer.cpp][L103][MaaNS::TaskNS::Recognizer::recognize] reco [result={"algorithm":"DirectHit","box":[0,0,720,1280],"detail":null,"name":"弹窗守卫","reco_id":400000574}] 
[2026-09-23 00:07:29.358][INF][Px45320][Tx34803][Utils/EventDispatcher.hpp][L65][MaaNS::EventDispatcher::notify] !!!OnEventNotify!!! [handle=true] [msg=Node.Recognition.Succeeded] [details={"focus":null,"name":"弹窗守卫","reco_details":{"algorithm":"DirectHit","box":[0,0,720,1280],"detail":null,"name":"弹窗守卫","reco_id":400000574},"reco_id":400000574,"task_id":200000003}] 
[2026-09-23 00:07:29.358][TRC][Px45320][Tx34803][TaskBase.cpp][L61][MaaNS::TaskNS::TaskBase::run_recognition] | leave, 0ms 
[2026-09-23 00:07:29.358][INF][Px45320][Tx34803][PipelineTask.cpp][L312][MaaNS::TaskNS::PipelineTask::recognize_list] reco hit [result.name=弹窗守卫] [result.box=[0,0,720,1280]] 
[2026-09-23 00:07:29.358][INF][Px45320][Tx34803][Utils/EventDispatcher.hpp][L65][MaaNS::EventDispatcher::notify] !!!OnEventNotify!!! [handle=true] [msg=Node.NextList.Succeeded] [details={"focus":null,"list":[{"anchor":false,"jump_back":false,"name":"弹窗守卫"}],"name":"守卫空转","task_id":200000003}] 
[2026-09-23 00:07:29.358][TRC][Px45320][Tx34803][PipelineTask.cpp][L250][MaaNS::TaskNS::PipelineTask::recognize_list] | leave, 0ms 
[2026-09-23 00:07:29.358][DBG][Px45320][Tx34803][TaskBase.cpp][L215][MaaNS::TaskNS::TaskBase::sleep] 0ms 
[2026-09-23 00:07:29.358][INF][Px45320][Tx34803][Utils/EventDispatcher.hpp][L65][MaaNS::EventDispatcher::notify] !!!OnEventNotify!!! [handle=true] [msg=Node.Action.Starting] [details={"action_id":500000194,"focus":null,"name":"弹窗守卫","task_id":200000003}] 
[2026-09-23 00:07:29.358][TRC][Px45320][Tx34803][Actuator.cpp][L27][MaaNS::TaskNS::Actuator::run] [pipeline_data.name=弹窗守卫] 
[2026-09-23 00:07:29.358][INF][Px45320][Tx34803][TaskBase.cpp][L137][MaaNS::TaskNS::TaskBase::run_action] action [i=0] [data.repeat=1] [result={"action":"DoNothing","action_id":500000194,"box":[0,0,0,0],"detail":{},"name":"弹窗守卫","success":true}] 
[2026-09-23 00:07:29.358][INF][Px45320][Tx34803][Utils/EventDispatcher.hpp][L65][MaaNS::EventDispatcher::notify] !!!OnEventNotify!!! [handle=true] [msg=Node.Action.Succeeded] [details={"action_details":{"action":"DoNothing","action_id":500000194,"box":[0,0,0,0],"detail":{},"name":"弹窗守卫","success":true},"action_id":500000194,"focus":null,"name":"弹窗守卫","task_id":200000003}] 
[2026-09-23 00:07:29.358][DBG][Px45320][Tx34803][TaskBase.cpp][L215][MaaNS::TaskNS::TaskBase::sleep] 150ms 
[2026-09-23 00:07:29.509][INF][Px45320][Tx34803][PipelineTask.cpp][L224][MaaNS::TaskNS::PipelineTask::run_next] PipelineTask node done [result={"action_id":500000194,"completed":true,"name":"弹窗守卫","node_id":300000194,"reco_id":400000574}] [task_id_=200000003] 
[2026-09-23 00:07:29.509][INF][Px45320][Tx34803][Utils/EventDispatcher.hpp][L65][MaaNS::EventDispatcher::notify] !!!OnEventNotify!!! [handle=true] [msg=Node.PipelineNode.Succeeded] [details={"action_details":{"action":"DoNothing","action_id":500000194,"box":[0,0,0,0],"detail":{},"name":"弹窗守卫","success":true},"focus":null,"name":"守卫空转","node_details":{"action_id":500000194,"completed":true,"name":"弹窗守卫","node_id":300000194,"reco_id":400000574},"node_id":300000194,"reco_details":{"algorithm":"DirectHit","box":[0,0,720,1280],"detail":null,"name":"弹窗守卫","reco_id":400000574},"task_id":200000003}] 
[2026-09-23 00:07:29.509][INF][Px45320][Tx34803][Utils/EventDispatcher.hpp][L65][MaaNS::EventDispatcher::notify] !!!OnEventNotify!!! [handle=true] [msg=Node.PipelineNode.Starting] [details={"focus":null,"name":"弹窗守卫","node_id":300000195,"task_id":200000003}] 
[2026-09-23 00:07:29.513][DBG][Px45320][Tx42061][ChildPipeIOStream.cpp][L84][MaaNS::ChildPipeIOStream::ChildPipeIOStream] [exec_=D:/MuMuPlayer-12.0/shell/adb.exe] [args_=["-s","127.0.0.1:16416","exec-out","screencap | gzip -1"]] [child_.id()=35756] 
[2026-09-23 00:07:29.645][DBG][Px45320][Tx42061][UnitBase.cpp][L58][MaaNS::CtrlUnitNs::UnitBase::startup_and_read_pipe] [output.size()=616158] [duration=136ms] 
[2026-09-23 00:07:29.663][DBG][Px45320][Tx34803][PipelineTask.cpp][L250][MaaNS::TaskNS::PipelineTask::recognize_list] [cur_node_=弹窗守卫] [list=[{"anchor":false,"jump_back":false,"name":"答题弹窗_先选择"},{"anchor":false,"jump_back":false,"name":"课程提醒_关闭"},{"anchor":false,"jump_back":false,"name":"存储提示_白色_取消"},{"anchor":false,"jump_back":false,"name":"存储提示_深色_知道了"},{"anchor":false,"jump_back":false,"name":"守卫空转"}]] | enter 
[2026-09-23 00:07:29.663][INF][Px45320][Tx34803][Utils/EventDispatcher.hpp][L65][MaaNS::EventDispatcher::notify] !!!OnEventNotify!!! [handle=true] [msg=Node.NextList.Starting] [details={"focus":null,"list":[{"anchor":false,"jump_back":false,"name":"答题弹窗_先选择"},{"anchor":false,"jump_back":false,"name":"课程提醒_关闭"},{"anchor":false,"jump_back":false,"name":"存储提示_白色_取消"},{"anchor":false,"jump_back":false,"name":"存储提示_深色_知道了"},{"anchor":false,"jump_back":false,"name":"守卫空转"}],"name":"弹窗守卫","task_id":200000003}] 
[2026-09-23 00:07:29.663][DBG][Px45320][Tx34803][PipelineTask.cpp][L367][MaaNS::TaskNS::PipelineTask::prepare_batch_ocr] batch OCR not needed, eligible OCR nodes < 2 [ctx.plan.entries.size()=0] 
[2026-09-23 00:07:29.663][DBG][Px45320][Tx34803][TaskBase.cpp][L61][MaaNS::TaskNS::TaskBase::run_recognition] [cur_node_=弹窗守卫] [data.name=答题弹窗_先选择] | enter 
[2026-09-23 00:07:29.663][INF][Px45320][Tx34803][Utils/EventDispatcher.hpp][L65][MaaNS::EventDispatcher::notify] !!!OnEventNotify!!! [handle=true] [msg=Node.Recognition.Starting] [details={"focus":null,"name":"答题弹窗_先选择","reco_id":400000575,"task_id":200000003}] 
[2026-09-23 00:07:29.670][DBG][Px45320][Tx34803][TemplateMatcher.cpp][L45][MaaNS::VisionNS::TemplateMatcher::analyze] 答题弹窗_先选择 [all_results_=[{"box":[142,211,80,38],"score":0.249712},{"box":[142,211,80,38],"score":0.271268},{"box":[145,220,80,38],"score":0.277395}]] [filtered_results_=[]] [best_result_=null] [cost=7ms] [param_.template_=["popup_quiz_judgement_title.png","popup_quiz_single_title.png","popup_quiz_multi_title.png"]] [templates_.size()=3] [param_.thresholds=[0.820000,0.820000,0.820000]] [param_.method=5] [param_.green_mask=false] 
[2026-09-23 00:07:29.670][INF][Px45320][Tx34803][Recognizer.cpp][L103][MaaNS::TaskNS::Recognizer::recognize] reco [result={"algorithm":"TemplateMatch","box":null,"detail":{"all":[{"box":[142,211,80,38],"score":0.249712},{"box":[142,211,80,38],"score":0.271268},{"box":[145,220,80,38],"score":0.277395}],"best":null,"filtered":[]},"name":"答题弹窗_先选择","reco_id":400000575}] 
[2026-09-23 00:07:29.670][INF][Px45320][Tx34803][Utils/EventDispatcher.hpp][L65][MaaNS::EventDispatcher::notify] !!!OnEventNotify!!! [handle=true] [msg=Node.Recognition.Failed] [details={"focus":null,"name":"答题弹窗_先选择","reco_details":{"algorithm":"TemplateMatch","box":null,"detail":{"all":[{"box":[142,211,80,38],"score":0.249712},{"box":[142,211,80,38],"score":0.271268},{"box":[145,220,80,38],"score":0.277395}],"best":null,"filtered":[]},"name":"答题弹窗_先选择","reco_id":400000575},"reco_id":400000575,"task_id":200000003}] 
[2026-09-23 00:07:29.670][TRC][Px45320][Tx34803][TaskBase.cpp][L61][MaaNS::TaskNS::TaskBase::run_recognition] | leave, 7ms 
[2026-09-23 00:07:29.670][DBG][Px45320][Tx34803][TaskBase.cpp][L61][MaaNS::TaskNS::TaskBase::run_recognition] [cur_node_=弹窗守卫] [data.name=课程提醒_关闭] | enter 
[2026-09-23 00:07:29.670][INF][Px45320][Tx34803][Utils/EventDispatcher.hpp][L65][MaaNS::EventDispatcher::notify] !!!OnEventNotify!!! [handle=true] [msg=Node.Recognition.Starting] [details={"focus":null,"name":"课程提醒_关闭","reco_id":400000576,"task_id":200000003}] 
[2026-09-23 00:07:29.672][DBG][Px45320][Tx34803][TemplateMatcher.cpp][L45][MaaNS::VisionNS::TemplateMatcher::analyze] 课程提醒_关闭 [all_results_=[{"box":[243,360,170,75],"score":0.190882}]] [filtered_results_=[]] [best_result_=null] [cost=2ms] [param_.template_=["popup_course_reminder_title.png"]] [templates_.size()=1] [param_.thresholds=[0.720000]] [param_.method=5] [param_.green_mask=false] 
[2026-09-23 00:07:29.672][INF][Px45320][Tx34803][Recognizer.cpp][L103][MaaNS::TaskNS::Recognizer::recognize] reco [result={"algorithm":"TemplateMatch","box":null,"detail":{"all":[{"box":[243,360,170,75],"score":0.190882}],"best":null,"filtered":[]},"name":"课程提醒_关闭","reco_id":400000576}] 
[2026-09-23 00:07:29.672][INF][Px45320][Tx34803][Utils/EventDispatcher.hpp][L65][MaaNS::EventDispatcher::notify] !!!OnEventNotify!!! [handle=true] [msg=Node.Recognition.Failed] [details={"focus":null,"name":"课程提醒_关闭","reco_details":{"algorithm":"TemplateMatch","box":null,"detail":{"all":[{"box":[243,360,170,75],"score":0.190882}],"best":null,"filtered":[]},"name":"课程提醒_关闭","reco_id":400000576},"reco_id":400000576,"task_id":200000003}] 
[2026-09-23 00:07:29.672][TRC][Px45320][Tx34803][TaskBase.cpp][L61][MaaNS::TaskNS::TaskBase::run_recognition] | leave, 2ms 
[2026-09-23 00:07:29.672][DBG][Px45320][Tx34803][TaskBase.cpp][L61][MaaNS::TaskNS::TaskBase::run_recognition] [cur_node_=弹窗守卫] [data.name=存储提示_白色_取消] | enter 
[2026-09-23 00:07:29.672][INF][Px45320][Tx34803][Utils/EventDispatcher.hpp][L65][MaaNS::EventDispatcher::notify] !!!OnEventNotify!!! [handle=true] [msg=Node.Recognition.Starting] [details={"focus":null,"name":"存储提示_白色_取消","reco_id":400000577,"task_id":200000003}] 
[2026-09-23 00:07:29.676][DBG][Px45320][Tx34803][TemplateMatcher.cpp][L45][MaaNS::VisionNS::TemplateMatcher::analyze] 存储提示_白色_取消 [all_results_=[]] [filtered_results_=[]] [best_result_=null] [cost=2ms] [param_.template_=["popup_storage_white_title.png"]] [templates_.size()=1] [param_.thresholds=[0.720000]] [param_.method=5] [param_.green_mask=false] 
[2026-09-23 00:07:29.676][INF][Px45320][Tx34803][Recognizer.cpp][L103][MaaNS::TaskNS::Recognizer::recognize] reco [result={"algorithm":"TemplateMatch","box":null,"detail":{"all":[],"best":null,"filtered":[]},"name":"存储提示_白色_取消","reco_id":400000577}] 
[2026-09-23 00:07:29.676][INF][Px45320][Tx34803][Utils/EventDispatcher.hpp][L65][MaaNS::EventDispatcher::notify] !!!OnEventNotify!!! [handle=true] [msg=Node.Recognition.Failed] [details={"focus":null,"name":"存储提示_白色_取消","reco_details":{"algorithm":"TemplateMatch","box":null,"detail":{"all":[],"best":null,"filtered":[]},"name":"存储提示_白色_取消","reco_id":400000577},"reco_id":400000577,"task_id":200000003}] 
[2026-09-23 00:07:29.676][TRC][Px45320][Tx34803][TaskBase.cpp][L61][MaaNS::TaskNS::TaskBase::run_recognition] | leave, 2ms 
[2026-09-23 00:07:29.676][DBG][Px45320][Tx34803][TaskBase.cpp][L61][MaaNS::TaskNS::TaskBase::run_recognition] [cur_node_=弹窗守卫] [data.name=存储提示_深色_知道了] | enter 
[2026-09-23 00:07:29.676][INF][Px45320][Tx34803][Utils/EventDispatcher.hpp][L65][MaaNS::EventDispatcher::notify] !!!OnEventNotify!!! [handle=true] [msg=Node.Recognition.Starting] [details={"focus":null,"name":"存储提示_深色_知道了","reco_id":400000578,"task_id":200000003}] 
[2026-09-23 00:07:29.679][DBG][Px45320][Tx34803][TemplateMatcher.cpp][L45][MaaNS::VisionNS::TemplateMatcher::analyze] 存储提示_深色_知道了 [all_results_=[]] [filtered_results_=[]] [best_result_=null] [cost=2ms] [param_.template_=["popup_storage_dark_title.png"]] [templates_.size()=1] [param_.thresholds=[0.720000]] [param_.method=5] [param_.green_mask=false] 
[2026-09-23 00:07:29.679][INF][Px45320][Tx34803][Recognizer.cpp][L103][MaaNS::TaskNS::Recognizer::recognize] reco [result={"algorithm":"TemplateMatch","box":null,"detail":{"all":[],"best":null,"filtered":[]},"name":"存储提示_深色_知道了","reco_id":400000578}] 
[2026-09-23 00:07:29.679][INF][Px45320][Tx34803][Utils/EventDispatcher.hpp][L65][MaaNS::EventDispatcher::notify] !!!OnEventNotify!!! [handle=true] [msg=Node.Recognition.Failed] [details={"focus":null,"name":"存储提示_深色_知道了","reco_details":{"algorithm":"TemplateMatch","box":null,"detail":{"all":[],"best":null,"filtered":[]},"name":"存储提示_深色_知道了","reco_id":400000578},"reco_id":400000578,"task_id":200000003}] 
[2026-09-23 00:07:29.679][TRC][Px45320][Tx34803][TaskBase.cpp][L61][MaaNS::TaskNS::TaskBase::run_recognition] | leave, 2ms 
[2026-09-23 00:07:29.679][DBG][Px45320][Tx34803][TaskBase.cpp][L61][MaaNS::TaskNS::TaskBase::run_recognition] [cur_node_=弹窗守卫] [data.name=守卫空转] | enter 
[2026-09-23 00:07:29.679][INF][Px45320][Tx34803][Utils/EventDispatcher.hpp][L65][MaaNS::EventDispatcher::notify] !!!OnEventNotify!!! [handle=true] [msg=Node.Recognition.Starting] [details={"focus":null,"name":"守卫空转","reco_id":400000579,"task_id":200000003}] 
[2026-09-23 00:07:29.679][DBG][Px45320][Tx34803][Recognizer.cpp][L136][MaaNS::TaskNS::Recognizer::direct_hit] 守卫空转 
[2026-09-23 00:07:29.679][INF][Px45320][Tx34803][Recognizer.cpp][L103][MaaNS::TaskNS::Recognizer::recognize] reco [result={"algorithm":"DirectHit","box":[0,0,720,1280],"detail":null,"name":"守卫空转","reco_id":400000579}] 
[2026-09-23 00:07:29.679][INF][Px45320][Tx34803][Utils/EventDispatcher.hpp][L65][MaaNS::EventDispatcher::notify] !!!OnEventNotify!!! [handle=true] [msg=Node.Recognition.Succeeded] [details={"focus":null,"name":"守卫空转","reco_details":{"algorithm":"DirectHit","box":[0,0,720,1280],"detail":null,"name":"守卫空转","reco_id":400000579},"reco_id":400000579,"task_id":200000003}] 
[2026-09-23 00:07:29.679][TRC][Px45320][Tx34803][TaskBase.cpp][L61][MaaNS::TaskNS::TaskBase::run_recognition] | leave, 0ms 
[2026-09-23 00:07:29.679][INF][Px45320][Tx34803][PipelineTask.cpp][L312][MaaNS::TaskNS::PipelineTask::recognize_list] reco hit [result.name=守卫空转] [result.box=[0,0,720,1280]] 
[2026-09-23 00:07:29.679][INF][Px45320][Tx34803][Utils/EventDispatcher.hpp][L65][MaaNS::EventDispatcher::notify] !!!OnEventNotify!!! [handle=true] [msg=Node.NextList.Succeeded] [details={"focus":null,"list":[{"anchor":false,"jump_back":false,"name":"答题弹窗_先选择"},{"anchor":false,"jump_back":false,"name":"课程提醒_关闭"},{"anchor":false,"jump_back":false,"name":"存储提示_白色_取消"},{"anchor":false,"jump_back":false,"name":"存储提示_深色_知道了"},{"anchor":false,"jump_back":false,"name":"守卫空转"}],"name":"弹窗守卫","task_id":200000003}] 
[2026-09-23 00:07:29.679][TRC][Px45320][Tx34803][PipelineTask.cpp][L250][MaaNS::TaskNS::PipelineTask::recognize_list] | leave, 15ms 
[2026-09-23 00:07:29.679][DBG][Px45320][Tx34803][TaskBase.cpp][L215][MaaNS::TaskNS::TaskBase::sleep] 0ms 
[2026-09-23 00:07:29.679][INF][Px45320][Tx34803][Utils/EventDispatcher.hpp][L65][MaaNS::EventDispatcher::notify] !!!OnEventNotify!!! [handle=true] [msg=Node.Action.Starting] [details={"action_id":500000195,"focus":null,"name":"守卫空转","task_id":200000003}] 
[2026-09-23 00:07:29.679][TRC][Px45320][Tx34803][Actuator.cpp][L27][MaaNS::TaskNS::Actuator::run] [pipeline_data.name=守卫空转] 
[2026-09-23 00:07:29.679][INF][Px45320][Tx34803][TaskBase.cpp][L137][MaaNS::TaskNS::TaskBase::run_action] action [i=0] [data.repeat=1] [result={"action":"DoNothing","action_id":500000195,"box":[0,0,0,0],"detail":{},"name":"守卫空转","success":true}] 
[2026-09-23 00:07:29.679][INF][Px45320][Tx34803][Utils/EventDispatcher.hpp][L65][MaaNS::EventDispatcher::notify] !!!OnEventNotify!!! [handle=true] [msg=Node.Action.Succeeded] [details={"action_details":{"action":"DoNothing","action_id":500000195,"box":[0,0,0,0],"detail":{},"name":"守卫空转","success":true},"action_id":500000195,"focus":null,"name":"守卫空转","task_id":200000003}] 
[2026-09-23 00:07:29.679][DBG][Px45320][Tx34803][TaskBase.cpp][L215][MaaNS::TaskNS::TaskBase::sleep] 400ms 
[2026-09-23 00:07:30.080][INF][Px45320][Tx34803][PipelineTask.cpp][L224][MaaNS::TaskNS::PipelineTask::run_next] PipelineTask node done [result={"action_id":500000195,"completed":true,"name":"守卫空转","node_id":300000195,"reco_id":400000579}] [task_id_=200000003] 
[2026-09-23 00:07:30.080][INF][Px45320][Tx34803][Utils/EventDispatcher.hpp][L65][MaaNS::EventDispatcher::notify] !!!OnEventNotify!!! [handle=true] [msg=Node.PipelineNode.Succeeded] [details={"action_details":{"action":"DoNothing","action_id":500000195,"box":[0,0,0,0],"detail":{},"name":"守卫空转","success":true},"focus":null,"name":"弹窗守卫","node_details":{"action_id":500000195,"completed":true,"name":"守卫空转","node_id":300000195,"reco_id":400000579},"node_id":300000195,"reco_details":{"algorithm":"DirectHit","box":[0,0,720,1280],"detail":null,"name":"守卫空转","reco_id":400000579},"task_id":200000003}] 
[2026-09-23 00:07:30.080][INF][Px45320][Tx34803][Utils/EventDispatcher.hpp][L65][MaaNS::EventDispatcher::notify] !!!OnEventNotify!!! [handle=true] [msg=Node.PipelineNode.Starting] [details={"focus":null,"name":"守卫空转","node_id":300000196,"task_id":200000003}] 
[2026-09-23 00:07:30.084][DBG][Px45320][Tx42061][ChildPipeIOStream.cpp][L84][MaaNS::ChildPipeIOStream::ChildPipeIOStream] [exec_=D:/MuMuPlayer-12.0/shell/adb.exe] [args_=["-s","127.0.0.1:16416","exec-out","screencap | gzip -1"]] [child_.id()=45968] 
[2026-09-23 00:07:30.225][DBG][Px45320][Tx42061][UnitBase.cpp][L58][MaaNS::CtrlUnitNs::UnitBase::startup_and_read_pipe] [output.size()=651592] [duration=144ms] 
[2026-09-23 00:07:30.242][DBG][Px45320][Tx34803][PipelineTask.cpp][L250][MaaNS::TaskNS::PipelineTask::recognize_list] [cur_node_=守卫空转] [list=[{"anchor":false,"jump_back":false,"name":"弹窗守卫"}]] | enter 
[2026-09-23 00:07:30.242][INF][Px45320][Tx34803][Utils/EventDispatcher.hpp][L65][MaaNS::EventDispatcher::notify] !!!OnEventNotify!!! [handle=true] [msg=Node.NextList.Starting] [details={"focus":null,"list":[{"anchor":false,"jump_back":false,"name":"弹窗守卫"}],"name":"守卫空转","task_id":200000003}] 
[2026-09-23 00:07:30.242][DBG][Px45320][Tx34803][PipelineTask.cpp][L367][MaaNS::TaskNS::PipelineTask::prepare_batch_ocr] batch OCR not needed, eligible OCR nodes < 2 [ctx.plan.entries.size()=0] 
[2026-09-23 00:07:30.242][DBG][Px45320][Tx34803][TaskBase.cpp][L61][MaaNS::TaskNS::TaskBase::run_recognition] [cur_node_=守卫空转] [data.name=弹窗守卫] | enter 
[2026-09-23 00:07:30.242][INF][Px45320][Tx34803][Utils/EventDispatcher.hpp][L65][MaaNS::EventDispatcher::notify] !!!OnEventNotify!!! [handle=true] [msg=Node.Recognition.Starting] [details={"focus":null,"name":"弹窗守卫","reco_id":400000580,"task_id":200000003}] 
[2026-09-23 00:07:30.242][DBG][Px45320][Tx34803][Recognizer.cpp][L136][MaaNS::TaskNS::Recognizer::direct_hit] 弹窗守卫 
[2026-09-23 00:07:30.242][INF][Px45320][Tx34803][Recognizer.cpp][L103][MaaNS::TaskNS::Recognizer::recognize] reco [result={"algorithm":"DirectHit","box":[0,0,720,1280],"detail":null,"name":"弹窗守卫","reco_id":400000580}] 
[2026-09-23 00:07:30.242][INF][Px45320][Tx34803][Utils/EventDispatcher.hpp][L65][MaaNS::EventDispatcher::notify] !!!OnEventNotify!!! [handle=true] [msg=Node.Recognition.Succeeded] [details={"focus":null,"name":"弹窗守卫","reco_details":{"algorithm":"DirectHit","box":[0,0,720,1280],"detail":null,"name":"弹窗守卫","reco_id":400000580},"reco_id":400000580,"task_id":200000003}] 
[2026-09-23 00:07:30.242][TRC][Px45320][Tx34803][TaskBase.cpp][L61][MaaNS::TaskNS::TaskBase::run_recognition] | leave, 0ms 
[2026-09-23 00:07:30.242][INF][Px45320][Tx34803][PipelineTask.cpp][L312][MaaNS::TaskNS::PipelineTask::recognize_list] reco hit [result.name=弹窗守卫] [result.box=[0,0,720,1280]] 
[2026-09-23 00:07:30.242][INF][Px45320][Tx34803][Utils/EventDispatcher.hpp][L65][MaaNS::EventDispatcher::notify] !!!OnEventNotify!!! [handle=true] [msg=Node.NextList.Succeeded] [details={"focus":null,"list":[{"anchor":false,"jump_back":false,"name":"弹窗守卫"}],"name":"守卫空转","task_id":200000003}] 
[2026-09-23 00:07:30.242][TRC][Px45320][Tx34803][PipelineTask.cpp][L250][MaaNS::TaskNS::PipelineTask::recognize_list] | leave, 0ms 
[2026-09-23 00:07:30.242][DBG][Px45320][Tx34803][TaskBase.cpp][L215][MaaNS::TaskNS::TaskBase::sleep] 0ms 
[2026-09-23 00:07:30.242][INF][Px45320][Tx34803][Utils/EventDispatcher.hpp][L65][MaaNS::EventDispatcher::notify] !!!OnEventNotify!!! [handle=true] [msg=Node.Action.Starting] [details={"action_id":500000196,"focus":null,"name":"弹窗守卫","task_id":200000003}] 
[2026-09-23 00:07:30.242][TRC][Px45320][Tx34803][Actuator.cpp][L27][MaaNS::TaskNS::Actuator::run] [pipeline_data.name=弹窗守卫] 
[2026-09-23 00:07:30.242][INF][Px45320][Tx34803][TaskBase.cpp][L137][MaaNS::TaskNS::TaskBase::run_action] action [i=0] [data.repeat=1] [result={"action":"DoNothing","action_id":500000196,"box":[0,0,0,0],"detail":{},"name":"弹窗守卫","success":true}] 
[2026-09-23 00:07:30.242][INF][Px45320][Tx34803][Utils/EventDispatcher.hpp][L65][MaaNS::EventDispatcher::notify] !!!OnEventNotify!!! [handle=true] [msg=Node.Action.Succeeded] [details={"action_details":{"action":"DoNothing","action_id":500000196,"box":[0,0,0,0],"detail":{},"name":"弹窗守卫","success":true},"action_id":500000196,"focus":null,"name":"弹窗守卫","task_id":200000003}] 
[2026-09-23 00:07:30.242][DBG][Px45320][Tx34803][TaskBase.cpp][L215][MaaNS::TaskNS::TaskBase::sleep] 150ms 
[2026-09-23 00:07:30.392][INF][Px45320][Tx34803][PipelineTask.cpp][L224][MaaNS::TaskNS::PipelineTask::run_next] PipelineTask node done [result={"action_id":500000196,"completed":true,"name":"弹窗守卫","node_id":300000196,"reco_id":400000580}] [task_id_=200000003] 
[2026-09-23 00:07:30.392][INF][Px45320][Tx34803][Utils/EventDispatcher.hpp][L65][MaaNS::EventDispatcher::notify] !!!OnEventNotify!!! [handle=true] [msg=Node.PipelineNode.Succeeded] [details={"action_details":{"action":"DoNothing","action_id":500000196,"box":[0,0,0,0],"detail":{},"name":"弹窗守卫","success":true},"focus":null,"name":"守卫空转","node_details":{"action_id":500000196,"completed":true,"name":"弹窗守卫","node_id":300000196,"reco_id":400000580},"node_id":300000196,"reco_details":{"algorithm":"DirectHit","box":[0,0,720,1280],"detail":null,"name":"弹窗守卫","reco_id":400000580},"task_id":200000003}] 
[2026-09-23 00:07:30.392][INF][Px45320][Tx34803][Utils/EventDispatcher.hpp][L65][MaaNS::EventDispatcher::notify] !!!OnEventNotify!!! [handle=true] [msg=Node.PipelineNode.Starting] [details={"focus":null,"name":"弹窗守卫","node_id":300000197,"task_id":200000003}] 
[2026-09-23 00:07:30.396][DBG][Px45320][Tx42061][ChildPipeIOStream.cpp][L84][MaaNS::ChildPipeIOStream::ChildPipeIOStream] [exec_=D:/MuMuPlayer-12.0/shell/adb.exe] [args_=["-s","127.0.0.1:16416","exec-out","screencap | gzip -1"]] [child_.id()=38040] 
[2026-09-23 00:07:30.526][DBG][Px45320][Tx42061][UnitBase.cpp][L58][MaaNS::CtrlUnitNs::UnitBase::startup_and_read_pipe] [output.size()=654235] [duration=133ms] 
[2026-09-23 00:07:30.542][DBG][Px45320][Tx34803][PipelineTask.cpp][L250][MaaNS::TaskNS::PipelineTask::recognize_list] [cur_node_=弹窗守卫] [list=[{"anchor":false,"jump_back":false,"name":"答题弹窗_先选择"},{"anchor":false,"jump_back":false,"name":"课程提醒_关闭"},{"anchor":false,"jump_back":false,"name":"存储提示_白色_取消"},{"anchor":false,"jump_back":false,"name":"存储提示_深色_知道了"},{"anchor":false,"jump_back":false,"name":"守卫空转"}]] | enter 
[2026-09-23 00:07:30.542][INF][Px45320][Tx34803][Utils/EventDispatcher.hpp][L65][MaaNS::EventDispatcher::notify] !!!OnEventNotify!!! [handle=true] [msg=Node.NextList.Starting] [details={"focus":null,"list":[{"anchor":false,"jump_back":false,"name":"答题弹窗_先选择"},{"anchor":false,"jump_back":false,"name":"课程提醒_关闭"},{"anchor":false,"jump_back":false,"name":"存储提示_白色_取消"},{"anchor":false,"jump_back":false,"name":"存储提示_深色_知道了"},{"anchor":false,"jump_back":false,"name":"守卫空转"}],"name":"弹窗守卫","task_id":200000003}] 
[2026-09-23 00:07:30.542][DBG][Px45320][Tx34803][PipelineTask.cpp][L367][MaaNS::TaskNS::PipelineTask::prepare_batch_ocr] batch OCR not needed, eligible OCR nodes < 2 [ctx.plan.entries.size()=0] 
[2026-09-23 00:07:30.542][DBG][Px45320][Tx34803][TaskBase.cpp][L61][MaaNS::TaskNS::TaskBase::run_recognition] [cur_node_=弹窗守卫] [data.name=答题弹窗_先选择] | enter 
[2026-09-23 00:07:30.544][INF][Px45320][Tx34803][Utils/EventDispatcher.hpp][L65][MaaNS::EventDispatcher::notify] !!!OnEventNotify!!! [handle=true] [msg=Node.Recognition.Starting] [details={"focus":null,"name":"答题弹窗_先选择","reco_id":400000581,"task_id":200000003}] 
[2026-09-23 00:07:30.551][DBG][Px45320][Tx34803][TemplateMatcher.cpp][L45][MaaNS::VisionNS::TemplateMatcher::analyze] 答题弹窗_先选择 [all_results_=[{"box":[155,217,80,38],"score":0.242566},{"box":[156,218,80,38],"score":0.226158},{"box":[158,224,80,38],"score":0.245342}]] [filtered_results_=[]] [best_result_=null] [cost=7ms] [param_.template_=["popup_quiz_judgement_title.png","popup_quiz_single_title.png","popup_quiz_multi_title.png"]] [templates_.size()=3] [param_.thresholds=[0.820000,0.820000,0.820000]] [param_.method=5] [param_.green_mask=false] 
[2026-09-23 00:07:30.551][INF][Px45320][Tx34803][Recognizer.cpp][L103][MaaNS::TaskNS::Recognizer::recognize] reco [result={"algorithm":"TemplateMatch","box":null,"detail":{"all":[{"box":[155,217,80,38],"score":0.242566},{"box":[156,218,80,38],"score":0.226158},{"box":[158,224,80,38],"score":0.245342}],"best":null,"filtered":[]},"name":"答题弹窗_先选择","reco_id":400000581}] 
[2026-09-23 00:07:30.551][INF][Px45320][Tx34803][Utils/EventDispatcher.hpp][L65][MaaNS::EventDispatcher::notify] !!!OnEventNotify!!! [handle=true] [msg=Node.Recognition.Failed] [details={"focus":null,"name":"答题弹窗_先选择","reco_details":{"algorithm":"TemplateMatch","box":null,"detail":{"all":[{"box":[155,217,80,38],"score":0.242566},{"box":[156,218,80,38],"score":0.226158},{"box":[158,224,80,38],"score":0.245342}],"best":null,"filtered":[]},"name":"答题弹窗_先选择","reco_id":400000581},"reco_id":400000581,"task_id":200000003}] 
[2026-09-23 00:07:30.551][TRC][Px45320][Tx34803][TaskBase.cpp][L61][MaaNS::TaskNS::TaskBase::run_recognition] | leave, 7ms 
[2026-09-23 00:07:30.551][DBG][Px45320][Tx34803][TaskBase.cpp][L61][MaaNS::TaskNS::TaskBase::run_recognition] [cur_node_=弹窗守卫] [data.name=课程提醒_关闭] | enter 
[2026-09-23 00:07:30.551][INF][Px45320][Tx34803][Utils/EventDispatcher.hpp][L65][MaaNS::EventDispatcher::notify] !!!OnEventNotify!!! [handle=true] [msg=Node.Recognition.Starting] [details={"focus":null,"name":"课程提醒_关闭","reco_id":400000582,"task_id":200000003}] 
[2026-09-23 00:07:30.554][DBG][Px45320][Tx34803][TemplateMatcher.cpp][L45][MaaNS::VisionNS::TemplateMatcher::analyze] 课程提醒_关闭 [all_results_=[{"box":[284,378,170,75],"score":0.576589}]] [filtered_results_=[]] [best_result_=null] [cost=2ms] [param_.template_=["popup_course_reminder_title.png"]] [templates_.size()=1] [param_.thresholds=[0.720000]] [param_.method=5] [param_.green_mask=false] 
[2026-09-23 00:07:30.554][INF][Px45320][Tx34803][Recognizer.cpp][L103][MaaNS::TaskNS::Recognizer::recognize] reco [result={"algorithm":"TemplateMatch","box":null,"detail":{"all":[{"box":[284,378,170,75],"score":0.576589}],"best":null,"filtered":[]},"name":"课程提醒_关闭","reco_id":400000582}] 
[2026-09-23 00:07:30.554][INF][Px45320][Tx34803][Utils/EventDispatcher.hpp][L65][MaaNS::EventDispatcher::notify] !!!OnEventNotify!!! [handle=true] [msg=Node.Recognition.Failed] [details={"focus":null,"name":"课程提醒_关闭","reco_details":{"algorithm":"TemplateMatch","box":null,"detail":{"all":[{"box":[284,378,170,75],"score":0.576589}],"best":null,"filtered":[]},"name":"课程提醒_关闭","reco_id":400000582},"reco_id":400000582,"task_id":200000003}] 
[2026-09-23 00:07:30.554][TRC][Px45320][Tx34803][TaskBase.cpp][L61][MaaNS::TaskNS::TaskBase::run_recognition] | leave, 2ms 
[2026-09-23 00:07:30.554][DBG][Px45320][Tx34803][TaskBase.cpp][L61][MaaNS::TaskNS::TaskBase::run_recognition] [cur_node_=弹窗守卫] [data.name=存储提示_白色_取消] | enter 
[2026-09-23 00:07:30.554][INF][Px45320][Tx34803][Utils/EventDispatcher.hpp][L65][MaaNS::EventDispatcher::notify] !!!OnEventNotify!!! [handle=true] [msg=Node.Recognition.Starting] [details={"focus":null,"name":"存储提示_白色_取消","reco_id":400000583,"task_id":200000003}] 
[2026-09-23 00:07:30.556][DBG][Px45320][Tx34803][TemplateMatcher.cpp][L45][MaaNS::VisionNS::TemplateMatcher::analyze] 存储提示_白色_取消 [all_results_=[]] [filtered_results_=[]] [best_result_=null] [cost=2ms] [param_.template_=["popup_storage_white_title.png"]] [templates_.size()=1] [param_.thresholds=[0.720000]] [param_.method=5] [param_.green_mask=false] 
[2026-09-23 00:07:30.556][INF][Px45320][Tx34803][Recognizer.cpp][L103][MaaNS::TaskNS::Recognizer::recognize] reco [result={"algorithm":"TemplateMatch","box":null,"detail":{"all":[],"best":null,"filtered":[]},"name":"存储提示_白色_取消","reco_id":400000583}] 
[2026-09-23 00:07:30.556][INF][Px45320][Tx34803][Utils/EventDispatcher.hpp][L65][MaaNS::EventDispatcher::notify] !!!OnEventNotify!!! [handle=true] [msg=Node.Recognition.Failed] [details={"focus":null,"name":"存储提示_白色_取消","reco_details":{"algorithm":"TemplateMatch","box":null,"detail":{"all":[],"best":null,"filtered":[]},"name":"存储提示_白色_取消","reco_id":400000583},"reco_id":400000583,"task_id":200000003}] 
[2026-09-23 00:07:30.556][TRC][Px45320][Tx34803][TaskBase.cpp][L61][MaaNS::TaskNS::TaskBase::run_recognition] | leave, 2ms 
[2026-09-23 00:07:30.556][DBG][Px45320][Tx34803][TaskBase.cpp][L61][MaaNS::TaskNS::TaskBase::run_recognition] [cur_node_=弹窗守卫] [data.name=存储提示_深色_知道了] | enter 
[2026-09-23 00:07:30.556][INF][Px45320][Tx34803][Utils/EventDispatcher.hpp][L65][MaaNS::EventDispatcher::notify] !!!OnEventNotify!!! [handle=true] [msg=Node.Recognition.Starting] [details={"focus":null,"name":"存储提示_深色_知道了","reco_id":400000584,"task_id":200000003}] 
[2026-09-23 00:07:30.558][DBG][Px45320][Tx34803][TemplateMatcher.cpp][L45][MaaNS::VisionNS::TemplateMatcher::analyze] 存储提示_深色_知道了 [all_results_=[]] [filtered_results_=[]] [best_result_=null] [cost=2ms] [param_.template_=["popup_storage_dark_title.png"]] [templates_.size()=1] [param_.thresholds=[0.720000]] [param_.method=5] [param_.green_mask=false] 
[2026-09-23 00:07:30.558][INF][Px45320][Tx34803][Recognizer.cpp][L103][MaaNS::TaskNS::Recognizer::recognize] reco [result={"algorithm":"TemplateMatch","box":null,"detail":{"all":[],"best":null,"filtered":[]},"name":"存储提示_深色_知道了","reco_id":400000584}] 
[2026-09-23 00:07:30.558][INF][Px45320][Tx34803][Utils/EventDispatcher.hpp][L65][MaaNS::EventDispatcher::notify] !!!OnEventNotify!!! [handle=true] [msg=Node.Recognition.Failed] [details={"focus":null,"name":"存储提示_深色_知道了","reco_details":{"algorithm":"TemplateMatch","box":null,"detail":{"all":[],"best":null,"filtered":[]},"name":"存储提示_深色_知道了","reco_id":400000584},"reco_id":400000584,"task_id":200000003}] 
[2026-09-23 00:07:30.558][TRC][Px45320][Tx34803][TaskBase.cpp][L61][MaaNS::TaskNS::TaskBase::run_recognition] | leave, 2ms 
[2026-09-23 00:07:30.558][DBG][Px45320][Tx34803][TaskBase.cpp][L61][MaaNS::TaskNS::TaskBase::run_recognition] [cur_node_=弹窗守卫] [data.name=守卫空转] | enter 
[2026-09-23 00:07:30.558][INF][Px45320][Tx34803][Utils/EventDispatcher.hpp][L65][MaaNS::EventDispatcher::notify] !!!OnEventNotify!!! [handle=true] [msg=Node.Recognition.Starting] [details={"focus":null,"name":"守卫空转","reco_id":400000585,"task_id":200000003}] 
[2026-09-23 00:07:30.558][DBG][Px45320][Tx34803][Recognizer.cpp][L136][MaaNS::TaskNS::Recognizer::direct_hit] 守卫空转 
[2026-09-23 00:07:30.558][INF][Px45320][Tx34803][Recognizer.cpp][L103][MaaNS::TaskNS::Recognizer::recognize] reco [result={"algorithm":"DirectHit","box":[0,0,720,1280],"detail":null,"name":"守卫空转","reco_id":400000585}] 
[2026-09-23 00:07:30.558][INF][Px45320][Tx34803][Utils/EventDispatcher.hpp][L65][MaaNS::EventDispatcher::notify] !!!OnEventNotify!!! [handle=true] [msg=Node.Recognition.Succeeded] [details={"focus":null,"name":"守卫空转","reco_details":{"algorithm":"DirectHit","box":[0,0,720,1280],"detail":null,"name":"守卫空转","reco_id":400000585},"reco_id":400000585,"task_id":200000003}] 
[2026-09-23 00:07:30.558][TRC][Px45320][Tx34803][TaskBase.cpp][L61][MaaNS::TaskNS::TaskBase::run_recognition] | leave, 0ms 
[2026-09-23 00:07:30.558][INF][Px45320][Tx34803][PipelineTask.cpp][L312][MaaNS::TaskNS::PipelineTask::recognize_list] reco hit [result.name=守卫空转] [result.box=[0,0,720,1280]] 
[2026-09-23 00:07:30.558][INF][Px45320][Tx34803][Utils/EventDispatcher.hpp][L65][MaaNS::EventDispatcher::notify] !!!OnEventNotify!!! [handle=true] [msg=Node.NextList.Succeeded] [details={"focus":null,"list":[{"anchor":false,"jump_back":false,"name":"答题弹窗_先选择"},{"anchor":false,"jump_back":false,"name":"课程提醒_关闭"},{"anchor":false,"jump_back":false,"name":"存储提示_白色_取消"},{"anchor":false,"jump_back":false,"name":"存储提示_深色_知道了"},{"anchor":false,"jump_back":false,"name":"守卫空转"}],"name":"弹窗守卫","task_id":200000003}] 
[2026-09-23 00:07:30.558][TRC][Px45320][Tx34803][PipelineTask.cpp][L250][MaaNS::TaskNS::PipelineTask::recognize_list] | leave, 14ms 
[2026-09-23 00:07:30.558][DBG][Px45320][Tx34803][TaskBase.cpp][L215][MaaNS::TaskNS::TaskBase::sleep] 0ms 
[2026-09-23 00:07:30.558][INF][Px45320][Tx34803][Utils/EventDispatcher.hpp][L65][MaaNS::EventDispatcher::notify] !!!OnEventNotify!!! [handle=true] [msg=Node.Action.Starting] [details={"action_id":500000197,"focus":null,"name":"守卫空转","task_id":200000003}] 
[2026-09-23 00:07:30.558][TRC][Px45320][Tx34803][Actuator.cpp][L27][MaaNS::TaskNS::Actuator::run] [pipeline_data.name=守卫空转] 
[2026-09-23 00:07:30.558][INF][Px45320][Tx34803][TaskBase.cpp][L137][MaaNS::TaskNS::TaskBase::run_action] action [i=0] [data.repeat=1] [result={"action":"DoNothing","action_id":500000197,"box":[0,0,0,0],"detail":{},"name":"守卫空转","success":true}] 
[2026-09-23 00:07:30.558][INF][Px45320][Tx34803][Utils/EventDispatcher.hpp][L65][MaaNS::EventDispatcher::notify] !!!OnEventNotify!!! [handle=true] [msg=Node.Action.Succeeded] [details={"action_details":{"action":"DoNothing","action_id":500000197,"box":[0,0,0,0],"detail":{},"name":"守卫空转","success":true},"action_id":500000197,"focus":null,"name":"守卫空转","task_id":200000003}] 
[2026-09-23 00:07:30.558][DBG][Px45320][Tx34803][TaskBase.cpp][L215][MaaNS::TaskNS::TaskBase::sleep] 400ms 
[2026-09-23 00:07:30.960][INF][Px45320][Tx34803][PipelineTask.cpp][L224][MaaNS::TaskNS::PipelineTask::run_next] PipelineTask node done [result={"action_id":500000197,"completed":true,"name":"守卫空转","node_id":300000197,"reco_id":400000585}] [task_id_=200000003] 
[2026-09-23 00:07:30.960][INF][Px45320][Tx34803][Utils/EventDispatcher.hpp][L65][MaaNS::EventDispatcher::notify] !!!OnEventNotify!!! [handle=true] [msg=Node.PipelineNode.Succeeded] [details={"action_details":{"action":"DoNothing","action_id":500000197,"box":[0,0,0,0],"detail":{},"name":"守卫空转","success":true},"focus":null,"name":"弹窗守卫","node_details":{"action_id":500000197,"completed":true,"name":"守卫空转","node_id":300000197,"reco_id":400000585},"node_id":300000197,"reco_details":{"algorithm":"DirectHit","box":[0,0,720,1280],"detail":null,"name":"守卫空转","reco_id":400000585},"task_id":200000003}] 
[2026-09-23 00:07:30.960][INF][Px45320][Tx34803][Utils/EventDispatcher.hpp][L65][MaaNS::EventDispatcher::notify] !!!OnEventNotify!!! [handle=true] [msg=Node.PipelineNode.Starting] [details={"focus":null,"name":"守卫空转","node_id":300000198,"task_id":200000003}] 
[2026-09-23 00:07:30.964][DBG][Px45320][Tx42061][ChildPipeIOStream.cpp][L84][MaaNS::ChildPipeIOStream::ChildPipeIOStream] [exec_=D:/MuMuPlayer-12.0/shell/adb.exe] [args_=["-s","127.0.0.1:16416","exec-out","screencap | gzip -1"]] [child_.id()=30036] 
[2026-09-23 00:07:31.099][DBG][Px45320][Tx42061][UnitBase.cpp][L58][MaaNS::CtrlUnitNs::UnitBase::startup_and_read_pipe] [output.size()=646728] [duration=138ms] 
[2026-09-23 00:07:31.116][DBG][Px45320][Tx34803][PipelineTask.cpp][L250][MaaNS::TaskNS::PipelineTask::recognize_list] [cur_node_=守卫空转] [list=[{"anchor":false,"jump_back":false,"name":"弹窗守卫"}]] | enter 
[2026-09-23 00:07:31.116][INF][Px45320][Tx34803][Utils/EventDispatcher.hpp][L65][MaaNS::EventDispatcher::notify] !!!OnEventNotify!!! [handle=true] [msg=Node.NextList.Starting] [details={"focus":null,"list":[{"anchor":false,"jump_back":false,"name":"弹窗守卫"}],"name":"守卫空转","task_id":200000003}] 
[2026-09-23 00:07:31.116][DBG][Px45320][Tx34803][PipelineTask.cpp][L367][MaaNS::TaskNS::PipelineTask::prepare_batch_ocr] batch OCR not needed, eligible OCR nodes < 2 [ctx.plan.entries.size()=0] 
[2026-09-23 00:07:31.116][DBG][Px45320][Tx34803][TaskBase.cpp][L61][MaaNS::TaskNS::TaskBase::run_recognition] [cur_node_=守卫空转] [data.name=弹窗守卫] | enter 
[2026-09-23 00:07:31.116][INF][Px45320][Tx34803][Utils/EventDispatcher.hpp][L65][MaaNS::EventDispatcher::notify] !!!OnEventNotify!!! [handle=true] [msg=Node.Recognition.Starting] [details={"focus":null,"name":"弹窗守卫","reco_id":400000586,"task_id":200000003}] 
[2026-09-23 00:07:31.116][DBG][Px45320][Tx34803][Recognizer.cpp][L136][MaaNS::TaskNS::Recognizer::direct_hit] 弹窗守卫 
[2026-09-23 00:07:31.116][INF][Px45320][Tx34803][Recognizer.cpp][L103][MaaNS::TaskNS::Recognizer::recognize] reco [result={"algorithm":"DirectHit","box":[0,0,720,1280],"detail":null,"name":"弹窗守卫","reco_id":400000586}] 
[2026-09-23 00:07:31.116][INF][Px45320][Tx34803][Utils/EventDispatcher.hpp][L65][MaaNS::EventDispatcher::notify] !!!OnEventNotify!!! [handle=true] [msg=Node.Recognition.Succeeded] [details={"focus":null,"name":"弹窗守卫","reco_details":{"algorithm":"DirectHit","box":[0,0,720,1280],"detail":null,"name":"弹窗守卫","reco_id":400000586},"reco_id":400000586,"task_id":200000003}] 
[2026-09-23 00:07:31.116][TRC][Px45320][Tx34803][TaskBase.cpp][L61][MaaNS::TaskNS::TaskBase::run_recognition] | leave, 0ms 
[2026-09-23 00:07:31.116][INF][Px45320][Tx34803][PipelineTask.cpp][L312][MaaNS::TaskNS::PipelineTask::recognize_list] reco hit [result.name=弹窗守卫] [result.box=[0,0,720,1280]] 
[2026-09-23 00:07:31.116][INF][Px45320][Tx34803][Utils/EventDispatcher.hpp][L65][MaaNS::EventDispatcher::notify] !!!OnEventNotify!!! [handle=true] [msg=Node.NextList.Succeeded] [details={"focus":null,"list":[{"anchor":false,"jump_back":false,"name":"弹窗守卫"}],"name":"守卫空转","task_id":200000003}] 
[2026-09-23 00:07:31.116][TRC][Px45320][Tx34803][PipelineTask.cpp][L250][MaaNS::TaskNS::PipelineTask::recognize_list] | leave, 0ms 
[2026-09-23 00:07:31.116][DBG][Px45320][Tx34803][TaskBase.cpp][L215][MaaNS::TaskNS::TaskBase::sleep] 0ms 
[2026-09-23 00:07:31.116][INF][Px45320][Tx34803][Utils/EventDispatcher.hpp][L65][MaaNS::EventDispatcher::notify] !!!OnEventNotify!!! [handle=true] [msg=Node.Action.Starting] [details={"action_id":500000198,"focus":null,"name":"弹窗守卫","task_id":200000003}] 
[2026-09-23 00:07:31.116][TRC][Px45320][Tx34803][Actuator.cpp][L27][MaaNS::TaskNS::Actuator::run] [pipeline_data.name=弹窗守卫] 
[2026-09-23 00:07:31.116][INF][Px45320][Tx34803][TaskBase.cpp][L137][MaaNS::TaskNS::TaskBase::run_action] action [i=0] [data.repeat=1] [result={"action":"DoNothing","action_id":500000198,"box":[0,0,0,0],"detail":{},"name":"弹窗守卫","success":true}] 
[2026-09-23 00:07:31.116][INF][Px45320][Tx34803][Utils/EventDispatcher.hpp][L65][MaaNS::EventDispatcher::notify] !!!OnEventNotify!!! [handle=true] [msg=Node.Action.Succeeded] [details={"action_details":{"action":"DoNothing","action_id":500000198,"box":[0,0,0,0],"detail":{},"name":"弹窗守卫","success":true},"action_id":500000198,"focus":null,"name":"弹窗守卫","task_id":200000003}] 
[2026-09-23 00:07:31.116][DBG][Px45320][Tx34803][TaskBase.cpp][L215][MaaNS::TaskNS::TaskBase::sleep] 150ms 
[2026-09-23 00:07:31.267][INF][Px45320][Tx34803][PipelineTask.cpp][L224][MaaNS::TaskNS::PipelineTask::run_next] PipelineTask node done [result={"action_id":500000198,"completed":true,"name":"弹窗守卫","node_id":300000198,"reco_id":400000586}] [task_id_=200000003] 
[2026-09-23 00:07:31.267][INF][Px45320][Tx34803][Utils/EventDispatcher.hpp][L65][MaaNS::EventDispatcher::notify] !!!OnEventNotify!!! [handle=true] [msg=Node.PipelineNode.Succeeded] [details={"action_details":{"action":"DoNothing","action_id":500000198,"box":[0,0,0,0],"detail":{},"name":"弹窗守卫","success":true},"focus":null,"name":"守卫空转","node_details":{"action_id":500000198,"completed":true,"name":"弹窗守卫","node_id":300000198,"reco_id":400000586},"node_id":300000198,"reco_details":{"algorithm":"DirectHit","box":[0,0,720,1280],"detail":null,"name":"弹窗守卫","reco_id":400000586},"task_id":200000003}] 
[2026-09-23 00:07:31.267][INF][Px45320][Tx34803][Utils/EventDispatcher.hpp][L65][MaaNS::EventDispatcher::notify] !!!OnEventNotify!!! [handle=true] [msg=Node.PipelineNode.Starting] [details={"focus":null,"name":"弹窗守卫","node_id":300000199,"task_id":200000003}] 
[2026-09-23 00:07:31.271][DBG][Px45320][Tx42061][ChildPipeIOStream.cpp][L84][MaaNS::ChildPipeIOStream::ChildPipeIOStream] [exec_=D:/MuMuPlayer-12.0/shell/adb.exe] [args_=["-s","127.0.0.1:16416","exec-out","screencap | gzip -1"]] [child_.id()=26808] 
[2026-09-23 00:07:31.392][DBG][Px45320][Tx42061][UnitBase.cpp][L58][MaaNS::CtrlUnitNs::UnitBase::startup_and_read_pipe] [output.size()=636592] [duration=125ms] 
[2026-09-23 00:07:31.410][DBG][Px45320][Tx34803][PipelineTask.cpp][L250][MaaNS::TaskNS::PipelineTask::recognize_list] [cur_node_=弹窗守卫] [list=[{"anchor":false,"jump_back":false,"name":"答题弹窗_先选择"},{"anchor":false,"jump_back":false,"name":"课程提醒_关闭"},{"anchor":false,"jump_back":false,"name":"存储提示_白色_取消"},{"anchor":false,"jump_back":false,"name":"存储提示_深色_知道了"},{"anchor":false,"jump_back":false,"name":"守卫空转"}]] | enter 
[2026-09-23 00:07:31.410][INF][Px45320][Tx34803][Utils/EventDispatcher.hpp][L65][MaaNS::EventDispatcher::notify] !!!OnEventNotify!!! [handle=true] [msg=Node.NextList.Starting] [details={"focus":null,"list":[{"anchor":false,"jump_back":false,"name":"答题弹窗_先选择"},{"anchor":false,"jump_back":false,"name":"课程提醒_关闭"},{"anchor":false,"jump_back":false,"name":"存储提示_白色_取消"},{"anchor":false,"jump_back":false,"name":"存储提示_深色_知道了"},{"anchor":false,"jump_back":false,"name":"守卫空转"}],"name":"弹窗守卫","task_id":200000003}] 
[2026-09-23 00:07:31.410][DBG][Px45320][Tx34803][PipelineTask.cpp][L367][MaaNS::TaskNS::PipelineTask::prepare_batch_ocr] batch OCR not needed, eligible OCR nodes < 2 [ctx.plan.entries.size()=0] 
[2026-09-23 00:07:31.410][DBG][Px45320][Tx34803][TaskBase.cpp][L61][MaaNS::TaskNS::TaskBase::run_recognition] [cur_node_=弹窗守卫] [data.name=答题弹窗_先选择] | enter 
[2026-09-23 00:07:31.410][INF][Px45320][Tx34803][Utils/EventDispatcher.hpp][L65][MaaNS::EventDispatcher::notify] !!!OnEventNotify!!! [handle=true] [msg=Node.Recognition.Starting] [details={"focus":null,"name":"答题弹窗_先选择","reco_id":400000587,"task_id":200000003}] 
[2026-09-23 00:07:31.417][DBG][Px45320][Tx34803][TemplateMatcher.cpp][L45][MaaNS::VisionNS::TemplateMatcher::analyze] 答题弹窗_先选择 [all_results_=[{"box":[155,217,80,38],"score":0.243093},{"box":[156,218,80,38],"score":0.226525},{"box":[158,223,80,38],"score":0.245420}]] [filtered_results_=[]] [best_result_=null] [cost=8ms] [param_.template_=["popup_quiz_judgement_title.png","popup_quiz_single_title.png","popup_quiz_multi_title.png"]] [templates_.size()=3] [param_.thresholds=[0.820000,0.820000,0.820000]] [param_.method=5] [param_.green_mask=false] 
[2026-09-23 00:07:31.417][INF][Px45320][Tx34803][Recognizer.cpp][L103][MaaNS::TaskNS::Recognizer::recognize] reco [result={"algorithm":"TemplateMatch","box":null,"detail":{"all":[{"box":[155,217,80,38],"score":0.243093},{"box":[156,218,80,38],"score":0.226525},{"box":[158,223,80,38],"score":0.245420}],"best":null,"filtered":[]},"name":"答题弹窗_先选择","reco_id":400000587}] 
[2026-09-23 00:07:31.417][INF][Px45320][Tx34803][Utils/EventDispatcher.hpp][L65][MaaNS::EventDispatcher::notify] !!!OnEventNotify!!! [handle=true] [msg=Node.Recognition.Failed] [details={"focus":null,"name":"答题弹窗_先选择","reco_details":{"algorithm":"TemplateMatch","box":null,"detail":{"all":[{"box":[155,217,80,38],"score":0.243093},{"box":[156,218,80,38],"score":0.226525},{"box":[158,223,80,38],"score":0.245420}],"best":null,"filtered":[]},"name":"答题弹窗_先选择","reco_id":400000587},"reco_id":400000587,"task_id":200000003}] 
[2026-09-23 00:07:31.417][TRC][Px45320][Tx34803][TaskBase.cpp][L61][MaaNS::TaskNS::TaskBase::run_recognition] | leave, 8ms 
[2026-09-23 00:07:31.417][DBG][Px45320][Tx34803][TaskBase.cpp][L61][MaaNS::TaskNS::TaskBase::run_recognition] [cur_node_=弹窗守卫] [data.name=课程提醒_关闭] | enter 
[2026-09-23 00:07:31.417][INF][Px45320][Tx34803][Utils/EventDispatcher.hpp][L65][MaaNS::EventDispatcher::notify] !!!OnEventNotify!!! [handle=true] [msg=Node.Recognition.Starting] [details={"focus":null,"name":"课程提醒_关闭","reco_id":400000588,"task_id":200000003}] 
[2026-09-23 00:07:31.420][DBG][Px45320][Tx34803][TemplateMatcher.cpp][L45][MaaNS::VisionNS::TemplateMatcher::analyze] 课程提醒_关闭 [all_results_=[{"box":[285,379,170,75],"score":0.621634}]] [filtered_results_=[]] [best_result_=null] [cost=2ms] [param_.template_=["popup_course_reminder_title.png"]] [templates_.size()=1] [param_.thresholds=[0.720000]] [param_.method=5] [param_.green_mask=false] 
[2026-09-23 00:07:31.420][INF][Px45320][Tx34803][Recognizer.cpp][L103][MaaNS::TaskNS::Recognizer::recognize] reco [result={"algorithm":"TemplateMatch","box":null,"detail":{"all":[{"box":[285,379,170,75],"score":0.621634}],"best":null,"filtered":[]},"name":"课程提醒_关闭","reco_id":400000588}] 
[2026-09-23 00:07:31.420][INF][Px45320][Tx34803][Utils/EventDispatcher.hpp][L65][MaaNS::EventDispatcher::notify] !!!OnEventNotify!!! [handle=true] [msg=Node.Recognition.Failed] [details={"focus":null,"name":"课程提醒_关闭","reco_details":{"algorithm":"TemplateMatch","box":null,"detail":{"all":[{"box":[285,379,170,75],"score":0.621634}],"best":null,"filtered":[]},"name":"课程提醒_关闭","reco_id":400000588},"reco_id":400000588,"task_id":200000003}] 
[2026-09-23 00:07:31.420][TRC][Px45320][Tx34803][TaskBase.cpp][L61][MaaNS::TaskNS::TaskBase::run_recognition] | leave, 2ms 
[2026-09-23 00:07:31.420][DBG][Px45320][Tx34803][TaskBase.cpp][L61][MaaNS::TaskNS::TaskBase::run_recognition] [cur_node_=弹窗守卫] [data.name=存储提示_白色_取消] | enter 
[2026-09-23 00:07:31.420][INF][Px45320][Tx34803][Utils/EventDispatcher.hpp][L65][MaaNS::EventDispatcher::notify] !!!OnEventNotify!!! [handle=true] [msg=Node.Recognition.Starting] [details={"focus":null,"name":"存储提示_白色_取消","reco_id":400000589,"task_id":200000003}] 
[2026-09-23 00:07:31.422][DBG][Px45320][Tx34803][TemplateMatcher.cpp][L45][MaaNS::VisionNS::TemplateMatcher::analyze] 存储提示_白色_取消 [all_results_=[]] [filtered_results_=[]] [best_result_=null] [cost=2ms] [param_.template_=["popup_storage_white_title.png"]] [templates_.size()=1] [param_.thresholds=[0.720000]] [param_.method=5] [param_.green_mask=false] 
[2026-09-23 00:07:31.422][INF][Px45320][Tx34803][Recognizer.cpp][L103][MaaNS::TaskNS::Recognizer::recognize] reco [result={"algorithm":"TemplateMatch","box":null,"detail":{"all":[],"best":null,"filtered":[]},"name":"存储提示_白色_取消","reco_id":400000589}] 
[2026-09-23 00:07:31.422][INF][Px45320][Tx34803][Utils/EventDispatcher.hpp][L65][MaaNS::EventDispatcher::notify] !!!OnEventNotify!!! [handle=true] [msg=Node.Recognition.Failed] [details={"focus":null,"name":"存储提示_白色_取消","reco_details":{"algorithm":"TemplateMatch","box":null,"detail":{"all":[],"best":null,"filtered":[]},"name":"存储提示_白色_取消","reco_id":400000589},"reco_id":400000589,"task_id":200000003}] 
[2026-09-23 00:07:31.422][TRC][Px45320][Tx34803][TaskBase.cpp][L61][MaaNS::TaskNS::TaskBase::run_recognition] | leave, 2ms 
[2026-09-23 00:07:31.422][DBG][Px45320][Tx34803][TaskBase.cpp][L61][MaaNS::TaskNS::TaskBase::run_recognition] [cur_node_=弹窗守卫] [data.name=存储提示_深色_知道了] | enter 
[2026-09-23 00:07:31.422][INF][Px45320][Tx34803][Utils/EventDispatcher.hpp][L65][MaaNS::EventDispatcher::notify] !!!OnEventNotify!!! [handle=true] [msg=Node.Recognition.Starting] [details={"focus":null,"name":"存储提示_深色_知道了","reco_id":400000590,"task_id":200000003}] 
[2026-09-23 00:07:31.426][DBG][Px45320][Tx34803][TemplateMatcher.cpp][L45][MaaNS::VisionNS::TemplateMatcher::analyze] 存储提示_深色_知道了 [all_results_=[]] [filtered_results_=[]] [best_result_=null] [cost=3ms] [param_.template_=["popup_storage_dark_title.png"]] [templates_.size()=1] [param_.thresholds=[0.720000]] [param_.method=5] [param_.green_mask=false] 
[2026-09-23 00:07:31.426][INF][Px45320][Tx34803][Recognizer.cpp][L103][MaaNS::TaskNS::Recognizer::recognize] reco [result={"algorithm":"TemplateMatch","box":null,"detail":{"all":[],"best":null,"filtered":[]},"name":"存储提示_深色_知道了","reco_id":400000590}] 
[2026-09-23 00:07:31.426][INF][Px45320][Tx34803][Utils/EventDispatcher.hpp][L65][MaaNS::EventDispatcher::notify] !!!OnEventNotify!!! [handle=true] [msg=Node.Recognition.Failed] [details={"focus":null,"name":"存储提示_深色_知道了","reco_details":{"algorithm":"TemplateMatch","box":null,"detail":{"all":[],"best":null,"filtered":[]},"name":"存储提示_深色_知道了","reco_id":400000590},"reco_id":400000590,"task_id":200000003}] 
[2026-09-23 00:07:31.426][TRC][Px45320][Tx34803][TaskBase.cpp][L61][MaaNS::TaskNS::TaskBase::run_recognition] | leave, 3ms 
[2026-09-23 00:07:31.426][DBG][Px45320][Tx34803][TaskBase.cpp][L61][MaaNS::TaskNS::TaskBase::run_recognition] [cur_node_=弹窗守卫] [data.name=守卫空转] | enter 
[2026-09-23 00:07:31.426][INF][Px45320][Tx34803][Utils/EventDispatcher.hpp][L65][MaaNS::EventDispatcher::notify] !!!OnEventNotify!!! [handle=true] [msg=Node.Recognition.Starting] [details={"focus":null,"name":"守卫空转","reco_id":400000591,"task_id":200000003}] 
[2026-09-23 00:07:31.426][DBG][Px45320][Tx34803][Recognizer.cpp][L136][MaaNS::TaskNS::Recognizer::direct_hit] 守卫空转 
[2026-09-23 00:07:31.426][INF][Px45320][Tx34803][Recognizer.cpp][L103][MaaNS::TaskNS::Recognizer::recognize] reco [result={"algorithm":"DirectHit","box":[0,0,720,1280],"detail":null,"name":"守卫空转","reco_id":400000591}] 
[2026-09-23 00:07:31.426][INF][Px45320][Tx34803][Utils/EventDispatcher.hpp][L65][MaaNS::EventDispatcher::notify] !!!OnEventNotify!!! [handle=true] [msg=Node.Recognition.Succeeded] [details={"focus":null,"name":"守卫空转","reco_details":{"algorithm":"DirectHit","box":[0,0,720,1280],"detail":null,"name":"守卫空转","reco_id":400000591},"reco_id":400000591,"task_id":200000003}] 
[2026-09-23 00:07:31.426][TRC][Px45320][Tx34803][TaskBase.cpp][L61][MaaNS::TaskNS::TaskBase::run_recognition] | leave, 0ms 
[2026-09-23 00:07:31.426][INF][Px45320][Tx34803][PipelineTask.cpp][L312][MaaNS::TaskNS::PipelineTask::recognize_list] reco hit [result.name=守卫空转] [result.box=[0,0,720,1280]] 
[2026-09-23 00:07:31.426][INF][Px45320][Tx34803][Utils/EventDispatcher.hpp][L65][MaaNS::EventDispatcher::notify] !!!OnEventNotify!!! [handle=true] [msg=Node.NextList.Succeeded] [details={"focus":null,"list":[{"anchor":false,"jump_back":false,"name":"答题弹窗_先选择"},{"anchor":false,"jump_back":false,"name":"课程提醒_关闭"},{"anchor":false,"jump_back":false,"name":"存储提示_白色_取消"},{"anchor":false,"jump_back":false,"name":"存储提示_深色_知道了"},{"anchor":false,"jump_back":false,"name":"守卫空转"}],"name":"弹窗守卫","task_id":200000003}] 
[2026-09-23 00:07:31.426][TRC][Px45320][Tx34803][PipelineTask.cpp][L250][MaaNS::TaskNS::PipelineTask::recognize_list] | leave, 17ms 
[2026-09-23 00:07:31.426][DBG][Px45320][Tx34803][TaskBase.cpp][L215][MaaNS::TaskNS::TaskBase::sleep] 0ms 
[2026-09-23 00:07:31.426][INF][Px45320][Tx34803][Utils/EventDispatcher.hpp][L65][MaaNS::EventDispatcher::notify] !!!OnEventNotify!!! [handle=true] [msg=Node.Action.Starting] [details={"action_id":500000199,"focus":null,"name":"守卫空转","task_id":200000003}] 
[2026-09-23 00:07:31.426][TRC][Px45320][Tx34803][Actuator.cpp][L27][MaaNS::TaskNS::Actuator::run] [pipeline_data.name=守卫空转] 
[2026-09-23 00:07:31.426][INF][Px45320][Tx34803][TaskBase.cpp][L137][MaaNS::TaskNS::TaskBase::run_action] action [i=0] [data.repeat=1] [result={"action":"DoNothing","action_id":500000199,"box":[0,0,0,0],"detail":{},"name":"守卫空转","success":true}] 
[2026-09-23 00:07:31.426][INF][Px45320][Tx34803][Utils/EventDispatcher.hpp][L65][MaaNS::EventDispatcher::notify] !!!OnEventNotify!!! [handle=true] [msg=Node.Action.Succeeded] [details={"action_details":{"action":"DoNothing","action_id":500000199,"box":[0,0,0,0],"detail":{},"name":"守卫空转","success":true},"action_id":500000199,"focus":null,"name":"守卫空转","task_id":200000003}] 
[2026-09-23 00:07:31.426][DBG][Px45320][Tx34803][TaskBase.cpp][L215][MaaNS::TaskNS::TaskBase::sleep] 400ms 
[2026-09-23 00:07:31.827][INF][Px45320][Tx34803][PipelineTask.cpp][L224][MaaNS::TaskNS::PipelineTask::run_next] PipelineTask node done [result={"action_id":500000199,"completed":true,"name":"守卫空转","node_id":300000199,"reco_id":400000591}] [task_id_=200000003] 
[2026-09-23 00:07:31.827][INF][Px45320][Tx34803][Utils/EventDispatcher.hpp][L65][MaaNS::EventDispatcher::notify] !!!OnEventNotify!!! [handle=true] [msg=Node.PipelineNode.Succeeded] [details={"action_details":{"action":"DoNothing","action_id":500000199,"box":[0,0,0,0],"detail":{},"name":"守卫空转","success":true},"focus":null,"name":"弹窗守卫","node_details":{"action_id":500000199,"completed":true,"name":"守卫空转","node_id":300000199,"reco_id":400000591},"node_id":300000199,"reco_details":{"algorithm":"DirectHit","box":[0,0,720,1280],"detail":null,"name":"守卫空转","reco_id":400000591},"task_id":200000003}] 
[2026-09-23 00:07:31.827][INF][Px45320][Tx34803][Utils/EventDispatcher.hpp][L65][MaaNS::EventDispatcher::notify] !!!OnEventNotify!!! [handle=true] [msg=Node.PipelineNode.Starting] [details={"focus":null,"name":"守卫空转","node_id":300000200,"task_id":200000003}] 
[2026-09-23 00:07:31.831][DBG][Px45320][Tx42061][ChildPipeIOStream.cpp][L84][MaaNS::ChildPipeIOStream::ChildPipeIOStream] [exec_=D:/MuMuPlayer-12.0/shell/adb.exe] [args_=["-s","127.0.0.1:16416","exec-out","screencap | gzip -1"]] [child_.id()=42392] 
[2026-09-23 00:07:31.967][DBG][Px45320][Tx42061][UnitBase.cpp][L58][MaaNS::CtrlUnitNs::UnitBase::startup_and_read_pipe] [output.size()=639349] [duration=140ms] 
[2026-09-23 00:07:31.984][DBG][Px45320][Tx34803][PipelineTask.cpp][L250][MaaNS::TaskNS::PipelineTask::recognize_list] [cur_node_=守卫空转] [list=[{"anchor":false,"jump_back":false,"name":"弹窗守卫"}]] | enter 
[2026-09-23 00:07:31.984][INF][Px45320][Tx34803][Utils/EventDispatcher.hpp][L65][MaaNS::EventDispatcher::notify] !!!OnEventNotify!!! [handle=true] [msg=Node.NextList.Starting] [details={"focus":null,"list":[{"anchor":false,"jump_back":false,"name":"弹窗守卫"}],"name":"守卫空转","task_id":200000003}] 
[2026-09-23 00:07:31.984][DBG][Px45320][Tx34803][PipelineTask.cpp][L367][MaaNS::TaskNS::PipelineTask::prepare_batch_ocr] batch OCR not needed, eligible OCR nodes < 2 [ctx.plan.entries.size()=0] 
[2026-09-23 00:07:31.984][DBG][Px45320][Tx34803][TaskBase.cpp][L61][MaaNS::TaskNS::TaskBase::run_recognition] [cur_node_=守卫空转] [data.name=弹窗守卫] | enter 
[2026-09-23 00:07:31.984][INF][Px45320][Tx34803][Utils/EventDispatcher.hpp][L65][MaaNS::EventDispatcher::notify] !!!OnEventNotify!!! [handle=true] [msg=Node.Recognition.Starting] [details={"focus":null,"name":"弹窗守卫","reco_id":400000592,"task_id":200000003}] 
[2026-09-23 00:07:31.984][DBG][Px45320][Tx34803][Recognizer.cpp][L136][MaaNS::TaskNS::Recognizer::direct_hit] 弹窗守卫 
[2026-09-23 00:07:31.984][INF][Px45320][Tx34803][Recognizer.cpp][L103][MaaNS::TaskNS::Recognizer::recognize] reco [result={"algorithm":"DirectHit","box":[0,0,720,1280],"detail":null,"name":"弹窗守卫","reco_id":400000592}] 
[2026-09-23 00:07:31.984][INF][Px45320][Tx34803][Utils/EventDispatcher.hpp][L65][MaaNS::EventDispatcher::notify] !!!OnEventNotify!!! [handle=true] [msg=Node.Recognition.Succeeded] [details={"focus":null,"name":"弹窗守卫","reco_details":{"algorithm":"DirectHit","box":[0,0,720,1280],"detail":null,"name":"弹窗守卫","reco_id":400000592},"reco_id":400000592,"task_id":200000003}] 
[2026-09-23 00:07:31.984][TRC][Px45320][Tx34803][TaskBase.cpp][L61][MaaNS::TaskNS::TaskBase::run_recognition] | leave, 0ms 
[2026-09-23 00:07:31.984][INF][Px45320][Tx34803][PipelineTask.cpp][L312][MaaNS::TaskNS::PipelineTask::recognize_list] reco hit [result.name=弹窗守卫] [result.box=[0,0,720,1280]] 
[2026-09-23 00:07:31.984][INF][Px45320][Tx34803][Utils/EventDispatcher.hpp][L65][MaaNS::EventDispatcher::notify] !!!OnEventNotify!!! [handle=true] [msg=Node.NextList.Succeeded] [details={"focus":null,"list":[{"anchor":false,"jump_back":false,"name":"弹窗守卫"}],"name":"守卫空转","task_id":200000003}] 
[2026-09-23 00:07:31.984][TRC][Px45320][Tx34803][PipelineTask.cpp][L250][MaaNS::TaskNS::PipelineTask::recognize_list] | leave, 0ms 
[2026-09-23 00:07:31.984][DBG][Px45320][Tx34803][TaskBase.cpp][L215][MaaNS::TaskNS::TaskBase::sleep] 0ms 
[2026-09-23 00:07:31.984][INF][Px45320][Tx34803][Utils/EventDispatcher.hpp][L65][MaaNS::EventDispatcher::notify] !!!OnEventNotify!!! [handle=true] [msg=Node.Action.Starting] [details={"action_id":500000200,"focus":null,"name":"弹窗守卫","task_id":200000003}] 
[2026-09-23 00:07:31.984][TRC][Px45320][Tx34803][Actuator.cpp][L27][MaaNS::TaskNS::Actuator::run] [pipeline_data.name=弹窗守卫] 
[2026-09-23 00:07:31.984][INF][Px45320][Tx34803][TaskBase.cpp][L137][MaaNS::TaskNS::TaskBase::run_action] action [i=0] [data.repeat=1] [result={"action":"DoNothing","action_id":500000200,"box":[0,0,0,0],"detail":{},"name":"弹窗守卫","success":true}] 
[2026-09-23 00:07:31.984][INF][Px45320][Tx34803][Utils/EventDispatcher.hpp][L65][MaaNS::EventDispatcher::notify] !!!OnEventNotify!!! [handle=true] [msg=Node.Action.Succeeded] [details={"action_details":{"action":"DoNothing","action_id":500000200,"box":[0,0,0,0],"detail":{},"name":"弹窗守卫","success":true},"action_id":500000200,"focus":null,"name":"弹窗守卫","task_id":200000003}] 
[2026-09-23 00:07:31.984][DBG][Px45320][Tx34803][TaskBase.cpp][L215][MaaNS::TaskNS::TaskBase::sleep] 150ms 
[2026-09-23 00:07:32.135][INF][Px45320][Tx34803][PipelineTask.cpp][L224][MaaNS::TaskNS::PipelineTask::run_next] PipelineTask node done [result={"action_id":500000200,"completed":true,"name":"弹窗守卫","node_id":300000200,"reco_id":400000592}] [task_id_=200000003] 
[2026-09-23 00:07:32.135][INF][Px45320][Tx34803][Utils/EventDispatcher.hpp][L65][MaaNS::EventDispatcher::notify] !!!OnEventNotify!!! [handle=true] [msg=Node.PipelineNode.Succeeded] [details={"action_details":{"action":"DoNothing","action_id":500000200,"box":[0,0,0,0],"detail":{},"name":"弹窗守卫","success":true},"focus":null,"name":"守卫空转","node_details":{"action_id":500000200,"completed":true,"name":"弹窗守卫","node_id":300000200,"reco_id":400000592},"node_id":300000200,"reco_details":{"algorithm":"DirectHit","box":[0,0,720,1280],"detail":null,"name":"弹窗守卫","reco_id":400000592},"task_id":200000003}] 
[2026-09-23 00:07:32.135][INF][Px45320][Tx34803][Utils/EventDispatcher.hpp][L65][MaaNS::EventDispatcher::notify] !!!OnEventNotify!!! [handle=true] [msg=Node.PipelineNode.Starting] [details={"focus":null,"name":"弹窗守卫","node_id":300000201,"task_id":200000003}] 
[2026-09-23 00:07:32.139][DBG][Px45320][Tx42061][ChildPipeIOStream.cpp][L84][MaaNS::ChildPipeIOStream::ChildPipeIOStream] [exec_=D:/MuMuPlayer-12.0/shell/adb.exe] [args_=["-s","127.0.0.1:16416","exec-out","screencap | gzip -1"]] [child_.id()=35196] 
[2026-09-23 00:07:32.298][DBG][Px45320][Tx42061][UnitBase.cpp][L58][MaaNS::CtrlUnitNs::UnitBase::startup_and_read_pipe] [output.size()=630838] [duration=162ms] 
[2026-09-23 00:07:32.315][DBG][Px45320][Tx34803][PipelineTask.cpp][L250][MaaNS::TaskNS::PipelineTask::recognize_list] [cur_node_=弹窗守卫] [list=[{"anchor":false,"jump_back":false,"name":"答题弹窗_先选择"},{"anchor":false,"jump_back":false,"name":"课程提醒_关闭"},{"anchor":false,"jump_back":false,"name":"存储提示_白色_取消"},{"anchor":false,"jump_back":false,"name":"存储提示_深色_知道了"},{"anchor":false,"jump_back":false,"name":"守卫空转"}]] | enter 
[2026-09-23 00:07:32.316][INF][Px45320][Tx34803][Utils/EventDispatcher.hpp][L65][MaaNS::EventDispatcher::notify] !!!OnEventNotify!!! [handle=true] [msg=Node.NextList.Starting] [details={"focus":null,"list":[{"anchor":false,"jump_back":false,"name":"答题弹窗_先选择"},{"anchor":false,"jump_back":false,"name":"课程提醒_关闭"},{"anchor":false,"jump_back":false,"name":"存储提示_白色_取消"},{"anchor":false,"jump_back":false,"name":"存储提示_深色_知道了"},{"anchor":false,"jump_back":false,"name":"守卫空转"}],"name":"弹窗守卫","task_id":200000003}] 
[2026-09-23 00:07:32.316][DBG][Px45320][Tx34803][PipelineTask.cpp][L367][MaaNS::TaskNS::PipelineTask::prepare_batch_ocr] batch OCR not needed, eligible OCR nodes < 2 [ctx.plan.entries.size()=0] 
[2026-09-23 00:07:32.316][DBG][Px45320][Tx34803][TaskBase.cpp][L61][MaaNS::TaskNS::TaskBase::run_recognition] [cur_node_=弹窗守卫] [data.name=答题弹窗_先选择] | enter 
[2026-09-23 00:07:32.316][INF][Px45320][Tx34803][Utils/EventDispatcher.hpp][L65][MaaNS::EventDispatcher::notify] !!!OnEventNotify!!! [handle=true] [msg=Node.Recognition.Starting] [details={"focus":null,"name":"答题弹窗_先选择","reco_id":400000593,"task_id":200000003}] 
[2026-09-23 00:07:32.324][DBG][Px45320][Tx34803][TemplateMatcher.cpp][L45][MaaNS::VisionNS::TemplateMatcher::analyze] 答题弹窗_先选择 [all_results_=[{"box":[155,217,80,38],"score":0.243093},{"box":[156,218,80,38],"score":0.226526},{"box":[158,223,80,38],"score":0.245420}]] [filtered_results_=[]] [best_result_=null] [cost=7ms] [param_.template_=["popup_quiz_judgement_title.png","popup_quiz_single_title.png","popup_quiz_multi_title.png"]] [templates_.size()=3] [param_.thresholds=[0.820000,0.820000,0.820000]] [param_.method=5] [param_.green_mask=false] 
[2026-09-23 00:07:32.324][INF][Px45320][Tx34803][Recognizer.cpp][L103][MaaNS::TaskNS::Recognizer::recognize] reco [result={"algorithm":"TemplateMatch","box":null,"detail":{"all":[{"box":[155,217,80,38],"score":0.243093},{"box":[156,218,80,38],"score":0.226526},{"box":[158,223,80,38],"score":0.245420}],"best":null,"filtered":[]},"name":"答题弹窗_先选择","reco_id":400000593}] 
[2026-09-23 00:07:32.324][INF][Px45320][Tx34803][Utils/EventDispatcher.hpp][L65][MaaNS::EventDispatcher::notify] !!!OnEventNotify!!! [handle=true] [msg=Node.Recognition.Failed] [details={"focus":null,"name":"答题弹窗_先选择","reco_details":{"algorithm":"TemplateMatch","box":null,"detail":{"all":[{"box":[155,217,80,38],"score":0.243093},{"box":[156,218,80,38],"score":0.226526},{"box":[158,223,80,38],"score":0.245420}],"best":null,"filtered":[]},"name":"答题弹窗_先选择","reco_id":400000593},"reco_id":400000593,"task_id":200000003}] 
[2026-09-23 00:07:32.324][TRC][Px45320][Tx34803][TaskBase.cpp][L61][MaaNS::TaskNS::TaskBase::run_recognition] | leave, 7ms 
[2026-09-23 00:07:32.324][DBG][Px45320][Tx34803][TaskBase.cpp][L61][MaaNS::TaskNS::TaskBase::run_recognition] [cur_node_=弹窗守卫] [data.name=课程提醒_关闭] | enter 
[2026-09-23 00:07:32.324][INF][Px45320][Tx34803][Utils/EventDispatcher.hpp][L65][MaaNS::EventDispatcher::notify] !!!OnEventNotify!!! [handle=true] [msg=Node.Recognition.Starting] [details={"focus":null,"name":"课程提醒_关闭","reco_id":400000594,"task_id":200000003}] 
[2026-09-23 00:07:32.327][DBG][Px45320][Tx34803][TemplateMatcher.cpp][L45][MaaNS::VisionNS::TemplateMatcher::analyze] 课程提醒_关闭 [all_results_=[{"box":[259,360,170,75],"score":0.190881}]] [filtered_results_=[]] [best_result_=null] [cost=3ms] [param_.template_=["popup_course_reminder_title.png"]] [templates_.size()=1] [param_.thresholds=[0.720000]] [param_.method=5] [param_.green_mask=false] 
[2026-09-23 00:07:32.327][INF][Px45320][Tx34803][Recognizer.cpp][L103][MaaNS::TaskNS::Recognizer::recognize] reco [result={"algorithm":"TemplateMatch","box":null,"detail":{"all":[{"box":[259,360,170,75],"score":0.190881}],"best":null,"filtered":[]},"name":"课程提醒_关闭","reco_id":400000594}] 
[2026-09-23 00:07:32.327][INF][Px45320][Tx34803][Utils/EventDispatcher.hpp][L65][MaaNS::EventDispatcher::notify] !!!OnEventNotify!!! [handle=true] [msg=Node.Recognition.Failed] [details={"focus":null,"name":"课程提醒_关闭","reco_details":{"algorithm":"TemplateMatch","box":null,"detail":{"all":[{"box":[259,360,170,75],"score":0.190881}],"best":null,"filtered":[]},"name":"课程提醒_关闭","reco_id":400000594},"reco_id":400000594,"task_id":200000003}] 
[2026-09-23 00:07:32.327][TRC][Px45320][Tx34803][TaskBase.cpp][L61][MaaNS::TaskNS::TaskBase::run_recognition] | leave, 3ms 
[2026-09-23 00:07:32.327][DBG][Px45320][Tx34803][TaskBase.cpp][L61][MaaNS::TaskNS::TaskBase::run_recognition] [cur_node_=弹窗守卫] [data.name=存储提示_白色_取消] | enter 
[2026-09-23 00:07:32.327][INF][Px45320][Tx34803][Utils/EventDispatcher.hpp][L65][MaaNS::EventDispatcher::notify] !!!OnEventNotify!!! [handle=true] [msg=Node.Recognition.Starting] [details={"focus":null,"name":"存储提示_白色_取消","reco_id":400000595,"task_id":200000003}] 
[2026-09-23 00:07:32.330][DBG][Px45320][Tx34803][TemplateMatcher.cpp][L45][MaaNS::VisionNS::TemplateMatcher::analyze] 存储提示_白色_取消 [all_results_=[]] [filtered_results_=[]] [best_result_=null] [cost=2ms] [param_.template_=["popup_storage_white_title.png"]] [templates_.size()=1] [param_.thresholds=[0.720000]] [param_.method=5] [param_.green_mask=false] 
[2026-09-23 00:07:32.330][INF][Px45320][Tx34803][Recognizer.cpp][L103][MaaNS::TaskNS::Recognizer::recognize] reco [result={"algorithm":"TemplateMatch","box":null,"detail":{"all":[],"best":null,"filtered":[]},"name":"存储提示_白色_取消","reco_id":400000595}] 
[2026-09-23 00:07:32.330][INF][Px45320][Tx34803][Utils/EventDispatcher.hpp][L65][MaaNS::EventDispatcher::notify] !!!OnEventNotify!!! [handle=true] [msg=Node.Recognition.Failed] [details={"focus":null,"name":"存储提示_白色_取消","reco_details":{"algorithm":"TemplateMatch","box":null,"detail":{"all":[],"best":null,"filtered":[]},"name":"存储提示_白色_取消","reco_id":400000595},"reco_id":400000595,"task_id":200000003}] 
[2026-09-23 00:07:32.330][TRC][Px45320][Tx34803][TaskBase.cpp][L61][MaaNS::TaskNS::TaskBase::run_recognition] | leave, 2ms 
[2026-09-23 00:07:32.330][DBG][Px45320][Tx34803][TaskBase.cpp][L61][MaaNS::TaskNS::TaskBase::run_recognition] [cur_node_=弹窗守卫] [data.name=存储提示_深色_知道了] | enter 
[2026-09-23 00:07:32.330][INF][Px45320][Tx34803][Utils/EventDispatcher.hpp][L65][MaaNS::EventDispatcher::notify] !!!OnEventNotify!!! [handle=true] [msg=Node.Recognition.Starting] [details={"focus":null,"name":"存储提示_深色_知道了","reco_id":400000596,"task_id":200000003}] 
[2026-09-23 00:07:32.333][DBG][Px45320][Tx34803][TemplateMatcher.cpp][L45][MaaNS::VisionNS::TemplateMatcher::analyze] 存储提示_深色_知道了 [all_results_=[]] [filtered_results_=[]] [best_result_=null] [cost=2ms] [param_.template_=["popup_storage_dark_title.png"]] [templates_.size()=1] [param_.thresholds=[0.720000]] [param_.method=5] [param_.green_mask=false] 
[2026-09-23 00:07:32.333][INF][Px45320][Tx34803][Recognizer.cpp][L103][MaaNS::TaskNS::Recognizer::recognize] reco [result={"algorithm":"TemplateMatch","box":null,"detail":{"all":[],"best":null,"filtered":[]},"name":"存储提示_深色_知道了","reco_id":400000596}] 
[2026-09-23 00:07:32.333][INF][Px45320][Tx34803][Utils/EventDispatcher.hpp][L65][MaaNS::EventDispatcher::notify] !!!OnEventNotify!!! [handle=true] [msg=Node.Recognition.Failed] [details={"focus":null,"name":"存储提示_深色_知道了","reco_details":{"algorithm":"TemplateMatch","box":null,"detail":{"all":[],"best":null,"filtered":[]},"name":"存储提示_深色_知道了","reco_id":400000596},"reco_id":400000596,"task_id":200000003}] 
[2026-09-23 00:07:32.333][TRC][Px45320][Tx34803][TaskBase.cpp][L61][MaaNS::TaskNS::TaskBase::run_recognition] | leave, 2ms 
[2026-09-23 00:07:32.333][DBG][Px45320][Tx34803][TaskBase.cpp][L61][MaaNS::TaskNS::TaskBase::run_recognition] [cur_node_=弹窗守卫] [data.name=守卫空转] | enter 
[2026-09-23 00:07:32.333][INF][Px45320][Tx34803][Utils/EventDispatcher.hpp][L65][MaaNS::EventDispatcher::notify] !!!OnEventNotify!!! [handle=true] [msg=Node.Recognition.Starting] [details={"focus":null,"name":"守卫空转","reco_id":400000597,"task_id":200000003}] 
[2026-09-23 00:07:32.333][DBG][Px45320][Tx34803][Recognizer.cpp][L136][MaaNS::TaskNS::Recognizer::direct_hit] 守卫空转 
[2026-09-23 00:07:32.333][INF][Px45320][Tx34803][Recognizer.cpp][L103][MaaNS::TaskNS::Recognizer::recognize] reco [result={"algorithm":"DirectHit","box":[0,0,720,1280],"detail":null,"name":"守卫空转","reco_id":400000597}] 
[2026-09-23 00:07:32.333][INF][Px45320][Tx34803][Utils/EventDispatcher.hpp][L65][MaaNS::EventDispatcher::notify] !!!OnEventNotify!!! [handle=true] [msg=Node.Recognition.Succeeded] [details={"focus":null,"name":"守卫空转","reco_details":{"algorithm":"DirectHit","box":[0,0,720,1280],"detail":null,"name":"守卫空转","reco_id":400000597},"reco_id":400000597,"task_id":200000003}] 
[2026-09-23 00:07:32.333][TRC][Px45320][Tx34803][TaskBase.cpp][L61][MaaNS::TaskNS::TaskBase::run_recognition] | leave, 0ms 
[2026-09-23 00:07:32.333][INF][Px45320][Tx34803][PipelineTask.cpp][L312][MaaNS::TaskNS::PipelineTask::recognize_list] reco hit [result.name=守卫空转] [result.box=[0,0,720,1280]] 
[2026-09-23 00:07:32.333][INF][Px45320][Tx34803][Utils/EventDispatcher.hpp][L65][MaaNS::EventDispatcher::notify] !!!OnEventNotify!!! [handle=true] [msg=Node.NextList.Succeeded] [details={"focus":null,"list":[{"anchor":false,"jump_back":false,"name":"答题弹窗_先选择"},{"anchor":false,"jump_back":false,"name":"课程提醒_关闭"},{"anchor":false,"jump_back":false,"name":"存储提示_白色_取消"},{"anchor":false,"jump_back":false,"name":"存储提示_深色_知道了"},{"anchor":false,"jump_back":false,"name":"守卫空转"}],"name":"弹窗守卫","task_id":200000003}] 
[2026-09-23 00:07:32.333][TRC][Px45320][Tx34803][PipelineTask.cpp][L250][MaaNS::TaskNS::PipelineTask::recognize_list] | leave, 16ms 
[2026-09-23 00:07:32.333][DBG][Px45320][Tx34803][TaskBase.cpp][L215][MaaNS::TaskNS::TaskBase::sleep] 0ms 
[2026-09-23 00:07:32.333][INF][Px45320][Tx34803][Utils/EventDispatcher.hpp][L65][MaaNS::EventDispatcher::notify] !!!OnEventNotify!!! [handle=true] [msg=Node.Action.Starting] [details={"action_id":500000201,"focus":null,"name":"守卫空转","task_id":200000003}] 
[2026-09-23 00:07:32.333][TRC][Px45320][Tx34803][Actuator.cpp][L27][MaaNS::TaskNS::Actuator::run] [pipeline_data.name=守卫空转] 
[2026-09-23 00:07:32.333][INF][Px45320][Tx34803][TaskBase.cpp][L137][MaaNS::TaskNS::TaskBase::run_action] action [i=0] [data.repeat=1] [result={"action":"DoNothing","action_id":500000201,"box":[0,0,0,0],"detail":{},"name":"守卫空转","success":true}] 
[2026-09-23 00:07:32.333][INF][Px45320][Tx34803][Utils/EventDispatcher.hpp][L65][MaaNS::EventDispatcher::notify] !!!OnEventNotify!!! [handle=true] [msg=Node.Action.Succeeded] [details={"action_details":{"action":"DoNothing","action_id":500000201,"box":[0,0,0,0],"detail":{},"name":"守卫空转","success":true},"action_id":500000201,"focus":null,"name":"守卫空转","task_id":200000003}] 
[2026-09-23 00:07:32.333][DBG][Px45320][Tx34803][TaskBase.cpp][L215][MaaNS::TaskNS::TaskBase::sleep] 400ms 
[2026-09-23 00:07:32.734][INF][Px45320][Tx34803][PipelineTask.cpp][L224][MaaNS::TaskNS::PipelineTask::run_next] PipelineTask node done [result={"action_id":500000201,"completed":true,"name":"守卫空转","node_id":300000201,"reco_id":400000597}] [task_id_=200000003] 
[2026-09-23 00:07:32.734][INF][Px45320][Tx34803][Utils/EventDispatcher.hpp][L65][MaaNS::EventDispatcher::notify] !!!OnEventNotify!!! [handle=true] [msg=Node.PipelineNode.Succeeded] [details={"action_details":{"action":"DoNothing","action_id":500000201,"box":[0,0,0,0],"detail":{},"name":"守卫空转","success":true},"focus":null,"name":"弹窗守卫","node_details":{"action_id":500000201,"completed":true,"name":"守卫空转","node_id":300000201,"reco_id":400000597},"node_id":300000201,"reco_details":{"algorithm":"DirectHit","box":[0,0,720,1280],"detail":null,"name":"守卫空转","reco_id":400000597},"task_id":200000003}] 
[2026-09-23 00:07:32.734][INF][Px45320][Tx34803][Utils/EventDispatcher.hpp][L65][MaaNS::EventDispatcher::notify] !!!OnEventNotify!!! [handle=true] [msg=Node.PipelineNode.Starting] [details={"focus":null,"name":"守卫空转","node_id":300000202,"task_id":200000003}] 
[2026-09-23 00:07:32.738][DBG][Px45320][Tx42061][ChildPipeIOStream.cpp][L84][MaaNS::ChildPipeIOStream::ChildPipeIOStream] [exec_=D:/MuMuPlayer-12.0/shell/adb.exe] [args_=["-s","127.0.0.1:16416","exec-out","screencap | gzip -1"]] [child_.id()=3096] 
[2026-09-23 00:07:32.874][DBG][Px45320][Tx42061][UnitBase.cpp][L58][MaaNS::CtrlUnitNs::UnitBase::startup_and_read_pipe] [output.size()=643147] [duration=140ms] 
[2026-09-23 00:07:32.891][DBG][Px45320][Tx34803][PipelineTask.cpp][L250][MaaNS::TaskNS::PipelineTask::recognize_list] [cur_node_=守卫空转] [list=[{"anchor":false,"jump_back":false,"name":"弹窗守卫"}]] | enter 
[2026-09-23 00:07:32.891][INF][Px45320][Tx34803][Utils/EventDispatcher.hpp][L65][MaaNS::EventDispatcher::notify] !!!OnEventNotify!!! [handle=true] [msg=Node.NextList.Starting] [details={"focus":null,"list":[{"anchor":false,"jump_back":false,"name":"弹窗守卫"}],"name":"守卫空转","task_id":200000003}] 
[2026-09-23 00:07:32.891][DBG][Px45320][Tx34803][PipelineTask.cpp][L367][MaaNS::TaskNS::PipelineTask::prepare_batch_ocr] batch OCR not needed, eligible OCR nodes < 2 [ctx.plan.entries.size()=0] 
[2026-09-23 00:07:32.891][DBG][Px45320][Tx34803][TaskBase.cpp][L61][MaaNS::TaskNS::TaskBase::run_recognition] [cur_node_=守卫空转] [data.name=弹窗守卫] | enter 
[2026-09-23 00:07:32.891][INF][Px45320][Tx34803][Utils/EventDispatcher.hpp][L65][MaaNS::EventDispatcher::notify] !!!OnEventNotify!!! [handle=true] [msg=Node.Recognition.Starting] [details={"focus":null,"name":"弹窗守卫","reco_id":400000598,"task_id":200000003}] 
[2026-09-23 00:07:32.891][DBG][Px45320][Tx34803][Recognizer.cpp][L136][MaaNS::TaskNS::Recognizer::direct_hit] 弹窗守卫 
[2026-09-23 00:07:32.891][INF][Px45320][Tx34803][Recognizer.cpp][L103][MaaNS::TaskNS::Recognizer::recognize] reco [result={"algorithm":"DirectHit","box":[0,0,720,1280],"detail":null,"name":"弹窗守卫","reco_id":400000598}] 
[2026-09-23 00:07:32.891][INF][Px45320][Tx34803][Utils/EventDispatcher.hpp][L65][MaaNS::EventDispatcher::notify] !!!OnEventNotify!!! [handle=true] [msg=Node.Recognition.Succeeded] [details={"focus":null,"name":"弹窗守卫","reco_details":{"algorithm":"DirectHit","box":[0,0,720,1280],"detail":null,"name":"弹窗守卫","reco_id":400000598},"reco_id":400000598,"task_id":200000003}] 
[2026-09-23 00:07:32.891][TRC][Px45320][Tx34803][TaskBase.cpp][L61][MaaNS::TaskNS::TaskBase::run_recognition] | leave, 0ms 
[2026-09-23 00:07:32.891][INF][Px45320][Tx34803][PipelineTask.cpp][L312][MaaNS::TaskNS::PipelineTask::recognize_list] reco hit [result.name=弹窗守卫] [result.box=[0,0,720,1280]] 
[2026-09-23 00:07:32.891][INF][Px45320][Tx34803][Utils/EventDispatcher.hpp][L65][MaaNS::EventDispatcher::notify] !!!OnEventNotify!!! [handle=true] [msg=Node.NextList.Succeeded] [details={"focus":null,"list":[{"anchor":false,"jump_back":false,"name":"弹窗守卫"}],"name":"守卫空转","task_id":200000003}] 
[2026-09-23 00:07:32.891][TRC][Px45320][Tx34803][PipelineTask.cpp][L250][MaaNS::TaskNS::PipelineTask::recognize_list] | leave, 0ms 
[2026-09-23 00:07:32.891][DBG][Px45320][Tx34803][TaskBase.cpp][L215][MaaNS::TaskNS::TaskBase::sleep] 0ms 
[2026-09-23 00:07:32.891][INF][Px45320][Tx34803][Utils/EventDispatcher.hpp][L65][MaaNS::EventDispatcher::notify] !!!OnEventNotify!!! [handle=true] [msg=Node.Action.Starting] [details={"action_id":500000202,"focus":null,"name":"弹窗守卫","task_id":200000003}] 
[2026-09-23 00:07:32.891][TRC][Px45320][Tx34803][Actuator.cpp][L27][MaaNS::TaskNS::Actuator::run] [pipeline_data.name=弹窗守卫] 
[2026-09-23 00:07:32.891][INF][Px45320][Tx34803][TaskBase.cpp][L137][MaaNS::TaskNS::TaskBase::run_action] action [i=0] [data.repeat=1] [result={"action":"DoNothing","action_id":500000202,"box":[0,0,0,0],"detail":{},"name":"弹窗守卫","success":true}] 
[2026-09-23 00:07:32.891][INF][Px45320][Tx34803][Utils/EventDispatcher.hpp][L65][MaaNS::EventDispatcher::notify] !!!OnEventNotify!!! [handle=true] [msg=Node.Action.Succeeded] [details={"action_details":{"action":"DoNothing","action_id":500000202,"box":[0,0,0,0],"detail":{},"name":"弹窗守卫","success":true},"action_id":500000202,"focus":null,"name":"弹窗守卫","task_id":200000003}] 
[2026-09-23 00:07:32.891][DBG][Px45320][Tx34803][TaskBase.cpp][L215][MaaNS::TaskNS::TaskBase::sleep] 150ms 
[2026-09-23 00:07:33.042][INF][Px45320][Tx34803][PipelineTask.cpp][L224][MaaNS::TaskNS::PipelineTask::run_next] PipelineTask node done [result={"action_id":500000202,"completed":true,"name":"弹窗守卫","node_id":300000202,"reco_id":400000598}] [task_id_=200000003] 
[2026-09-23 00:07:33.042][INF][Px45320][Tx34803][Utils/EventDispatcher.hpp][L65][MaaNS::EventDispatcher::notify] !!!OnEventNotify!!! [handle=true] [msg=Node.PipelineNode.Succeeded] [details={"action_details":{"action":"DoNothing","action_id":500000202,"box":[0,0,0,0],"detail":{},"name":"弹窗守卫","success":true},"focus":null,"name":"守卫空转","node_details":{"action_id":500000202,"completed":true,"name":"弹窗守卫","node_id":300000202,"reco_id":400000598},"node_id":300000202,"reco_details":{"algorithm":"DirectHit","box":[0,0,720,1280],"detail":null,"name":"弹窗守卫","reco_id":400000598},"task_id":200000003}] 
[2026-09-23 00:07:33.042][INF][Px45320][Tx34803][Utils/EventDispatcher.hpp][L65][MaaNS::EventDispatcher::notify] !!!OnEventNotify!!! [handle=true] [msg=Node.PipelineNode.Starting] [details={"focus":null,"name":"弹窗守卫","node_id":300000203,"task_id":200000003}] 
[2026-09-23 00:07:33.046][DBG][Px45320][Tx42061][ChildPipeIOStream.cpp][L84][MaaNS::ChildPipeIOStream::ChildPipeIOStream] [exec_=D:/MuMuPlayer-12.0/shell/adb.exe] [args_=["-s","127.0.0.1:16416","exec-out","screencap | gzip -1"]] [child_.id()=5244] 
[2026-09-23 00:07:33.177][DBG][Px45320][Tx42061][UnitBase.cpp][L58][MaaNS::CtrlUnitNs::UnitBase::startup_and_read_pipe] [output.size()=642040] [duration=134ms] 
[2026-09-23 00:07:33.194][DBG][Px45320][Tx34803][PipelineTask.cpp][L250][MaaNS::TaskNS::PipelineTask::recognize_list] [cur_node_=弹窗守卫] [list=[{"anchor":false,"jump_back":false,"name":"答题弹窗_先选择"},{"anchor":false,"jump_back":false,"name":"课程提醒_关闭"},{"anchor":false,"jump_back":false,"name":"存储提示_白色_取消"},{"anchor":false,"jump_back":false,"name":"存储提示_深色_知道了"},{"anchor":false,"jump_back":false,"name":"守卫空转"}]] | enter 
[2026-09-23 00:07:33.194][INF][Px45320][Tx34803][Utils/EventDispatcher.hpp][L65][MaaNS::EventDispatcher::notify] !!!OnEventNotify!!! [handle=true] [msg=Node.NextList.Starting] [details={"focus":null,"list":[{"anchor":false,"jump_back":false,"name":"答题弹窗_先选择"},{"anchor":false,"jump_back":false,"name":"课程提醒_关闭"},{"anchor":false,"jump_back":false,"name":"存储提示_白色_取消"},{"anchor":false,"jump_back":false,"name":"存储提示_深色_知道了"},{"anchor":false,"jump_back":false,"name":"守卫空转"}],"name":"弹窗守卫","task_id":200000003}] 
[2026-09-23 00:07:33.194][DBG][Px45320][Tx34803][PipelineTask.cpp][L367][MaaNS::TaskNS::PipelineTask::prepare_batch_ocr] batch OCR not needed, eligible OCR nodes < 2 [ctx.plan.entries.size()=0] 
[2026-09-23 00:07:33.194][DBG][Px45320][Tx34803][TaskBase.cpp][L61][MaaNS::TaskNS::TaskBase::run_recognition] [cur_node_=弹窗守卫] [data.name=答题弹窗_先选择] | enter 
[2026-09-23 00:07:33.194][INF][Px45320][Tx34803][Utils/EventDispatcher.hpp][L65][MaaNS::EventDispatcher::notify] !!!OnEventNotify!!! [handle=true] [msg=Node.Recognition.Starting] [details={"focus":null,"name":"答题弹窗_先选择","reco_id":400000599,"task_id":200000003}] 
[2026-09-23 00:07:33.205][DBG][Px45320][Tx34803][TemplateMatcher.cpp][L45][MaaNS::VisionNS::TemplateMatcher::analyze] 答题弹窗_先选择 [all_results_=[{"box":[155,217,80,38],"score":0.243093},{"box":[156,218,80,38],"score":0.226526},{"box":[158,223,80,38],"score":0.245419}]] [filtered_results_=[]] [best_result_=null] [cost=10ms] [param_.template_=["popup_quiz_judgement_title.png","popup_quiz_single_title.png","popup_quiz_multi_title.png"]] [templates_.size()=3] [param_.thresholds=[0.820000,0.820000,0.820000]] [param_.method=5] [param_.green_mask=false] 
[2026-09-23 00:07:33.205][INF][Px45320][Tx34803][Recognizer.cpp][L103][MaaNS::TaskNS::Recognizer::recognize] reco [result={"algorithm":"TemplateMatch","box":null,"detail":{"all":[{"box":[155,217,80,38],"score":0.243093},{"box":[156,218,80,38],"score":0.226526},{"box":[158,223,80,38],"score":0.245419}],"best":null,"filtered":[]},"name":"答题弹窗_先选择","reco_id":400000599}] 
[2026-09-23 00:07:33.205][INF][Px45320][Tx34803][Utils/EventDispatcher.hpp][L65][MaaNS::EventDispatcher::notify] !!!OnEventNotify!!! [handle=true] [msg=Node.Recognition.Failed] [details={"focus":null,"name":"答题弹窗_先选择","reco_details":{"algorithm":"TemplateMatch","box":null,"detail":{"all":[{"box":[155,217,80,38],"score":0.243093},{"box":[156,218,80,38],"score":0.226526},{"box":[158,223,80,38],"score":0.245419}],"best":null,"filtered":[]},"name":"答题弹窗_先选择","reco_id":400000599},"reco_id":400000599,"task_id":200000003}] 
[2026-09-23 00:07:33.205][TRC][Px45320][Tx34803][TaskBase.cpp][L61][MaaNS::TaskNS::TaskBase::run_recognition] | leave, 10ms 
[2026-09-23 00:07:33.205][DBG][Px45320][Tx34803][TaskBase.cpp][L61][MaaNS::TaskNS::TaskBase::run_recognition] [cur_node_=弹窗守卫] [data.name=课程提醒_关闭] | enter 
[2026-09-23 00:07:33.205][INF][Px45320][Tx34803][Utils/EventDispatcher.hpp][L65][MaaNS::EventDispatcher::notify] !!!OnEventNotify!!! [handle=true] [msg=Node.Recognition.Starting] [details={"focus":null,"name":"课程提醒_关闭","reco_id":400000600,"task_id":200000003}] 
[2026-09-23 00:07:33.209][DBG][Px45320][Tx34803][TemplateMatcher.cpp][L45][MaaNS::VisionNS::TemplateMatcher::analyze] 课程提醒_关闭 [all_results_=[{"box":[275,379,170,75],"score":0.560450}]] [filtered_results_=[]] [best_result_=null] [cost=3ms] [param_.template_=["popup_course_reminder_title.png"]] [templates_.size()=1] [param_.thresholds=[0.720000]] [param_.method=5] [param_.green_mask=false] 
[2026-09-23 00:07:33.209][INF][Px45320][Tx34803][Recognizer.cpp][L103][MaaNS::TaskNS::Recognizer::recognize] reco [result={"algorithm":"TemplateMatch","box":null,"detail":{"all":[{"box":[275,379,170,75],"score":0.560450}],"best":null,"filtered":[]},"name":"课程提醒_关闭","reco_id":400000600}] 
[2026-09-23 00:07:33.209][INF][Px45320][Tx34803][Utils/EventDispatcher.hpp][L65][MaaNS::EventDispatcher::notify] !!!OnEventNotify!!! [handle=true] [msg=Node.Recognition.Failed] [details={"focus":null,"name":"课程提醒_关闭","reco_details":{"algorithm":"TemplateMatch","box":null,"detail":{"all":[{"box":[275,379,170,75],"score":0.560450}],"best":null,"filtered":[]},"name":"课程提醒_关闭","reco_id":400000600},"reco_id":400000600,"task_id":200000003}] 
[2026-09-23 00:07:33.209][TRC][Px45320][Tx34803][TaskBase.cpp][L61][MaaNS::TaskNS::TaskBase::run_recognition] | leave, 3ms 
[2026-09-23 00:07:33.209][DBG][Px45320][Tx34803][TaskBase.cpp][L61][MaaNS::TaskNS::TaskBase::run_recognition] [cur_node_=弹窗守卫] [data.name=存储提示_白色_取消] | enter 
[2026-09-23 00:07:33.209][INF][Px45320][Tx34803][Utils/EventDispatcher.hpp][L65][MaaNS::EventDispatcher::notify] !!!OnEventNotify!!! [handle=true] [msg=Node.Recognition.Starting] [details={"focus":null,"name":"存储提示_白色_取消","reco_id":400000601,"task_id":200000003}] 
[2026-09-23 00:07:33.212][DBG][Px45320][Tx34803][TemplateMatcher.cpp][L45][MaaNS::VisionNS::TemplateMatcher::analyze] 存储提示_白色_取消 [all_results_=[]] [filtered_results_=[]] [best_result_=null] [cost=2ms] [param_.template_=["popup_storage_white_title.png"]] [templates_.size()=1] [param_.thresholds=[0.720000]] [param_.method=5] [param_.green_mask=false] 
[2026-09-23 00:07:33.212][INF][Px45320][Tx34803][Recognizer.cpp][L103][MaaNS::TaskNS::Recognizer::recognize] reco [result={"algorithm":"TemplateMatch","box":null,"detail":{"all":[],"best":null,"filtered":[]},"name":"存储提示_白色_取消","reco_id":400000601}] 
[2026-09-23 00:07:33.212][INF][Px45320][Tx34803][Utils/EventDispatcher.hpp][L65][MaaNS::EventDispatcher::notify] !!!OnEventNotify!!! [handle=true] [msg=Node.Recognition.Failed] [details={"focus":null,"name":"存储提示_白色_取消","reco_details":{"algorithm":"TemplateMatch","box":null,"detail":{"all":[],"best":null,"filtered":[]},"name":"存储提示_白色_取消","reco_id":400000601},"reco_id":400000601,"task_id":200000003}] 
[2026-09-23 00:07:33.212][TRC][Px45320][Tx34803][TaskBase.cpp][L61][MaaNS::TaskNS::TaskBase::run_recognition] | leave, 2ms 
[2026-09-23 00:07:33.212][DBG][Px45320][Tx34803][TaskBase.cpp][L61][MaaNS::TaskNS::TaskBase::run_recognition] [cur_node_=弹窗守卫] [data.name=存储提示_深色_知道了] | enter 
[2026-09-23 00:07:33.212][INF][Px45320][Tx34803][Utils/EventDispatcher.hpp][L65][MaaNS::EventDispatcher::notify] !!!OnEventNotify!!! [handle=true] [msg=Node.Recognition.Starting] [details={"focus":null,"name":"存储提示_深色_知道了","reco_id":400000602,"task_id":200000003}] 
[2026-09-23 00:07:33.214][DBG][Px45320][Tx34803][TemplateMatcher.cpp][L45][MaaNS::VisionNS::TemplateMatcher::analyze] 存储提示_深色_知道了 [all_results_=[]] [filtered_results_=[]] [best_result_=null] [cost=2ms] [param_.template_=["popup_storage_dark_title.png"]] [templates_.size()=1] [param_.thresholds=[0.720000]] [param_.method=5] [param_.green_mask=false] 
[2026-09-23 00:07:33.214][INF][Px45320][Tx34803][Recognizer.cpp][L103][MaaNS::TaskNS::Recognizer::recognize] reco [result={"algorithm":"TemplateMatch","box":null,"detail":{"all":[],"best":null,"filtered":[]},"name":"存储提示_深色_知道了","reco_id":400000602}] 
[2026-09-23 00:07:33.214][INF][Px45320][Tx34803][Utils/EventDispatcher.hpp][L65][MaaNS::EventDispatcher::notify] !!!OnEventNotify!!! [handle=true] [msg=Node.Recognition.Failed] [details={"focus":null,"name":"存储提示_深色_知道了","reco_details":{"algorithm":"TemplateMatch","box":null,"detail":{"all":[],"best":null,"filtered":[]},"name":"存储提示_深色_知道了","reco_id":400000602},"reco_id":400000602,"task_id":200000003}] 
[2026-09-23 00:07:33.214][TRC][Px45320][Tx34803][TaskBase.cpp][L61][MaaNS::TaskNS::TaskBase::run_recognition] | leave, 2ms 
[2026-09-23 00:07:33.214][DBG][Px45320][Tx34803][TaskBase.cpp][L61][MaaNS::TaskNS::TaskBase::run_recognition] [cur_node_=弹窗守卫] [data.name=守卫空转] | enter 
[2026-09-23 00:07:33.214][INF][Px45320][Tx34803][Utils/EventDispatcher.hpp][L65][MaaNS::EventDispatcher::notify] !!!OnEventNotify!!! [handle=true] [msg=Node.Recognition.Starting] [details={"focus":null,"name":"守卫空转","reco_id":400000603,"task_id":200000003}] 
[2026-09-23 00:07:33.214][DBG][Px45320][Tx34803][Recognizer.cpp][L136][MaaNS::TaskNS::Recognizer::direct_hit] 守卫空转 
[2026-09-23 00:07:33.214][INF][Px45320][Tx34803][Recognizer.cpp][L103][MaaNS::TaskNS::Recognizer::recognize] reco [result={"algorithm":"DirectHit","box":[0,0,720,1280],"detail":null,"name":"守卫空转","reco_id":400000603}] 
[2026-09-23 00:07:33.214][INF][Px45320][Tx34803][Utils/EventDispatcher.hpp][L65][MaaNS::EventDispatcher::notify] !!!OnEventNotify!!! [handle=true] [msg=Node.Recognition.Succeeded] [details={"focus":null,"name":"守卫空转","reco_details":{"algorithm":"DirectHit","box":[0,0,720,1280],"detail":null,"name":"守卫空转","reco_id":400000603},"reco_id":400000603,"task_id":200000003}] 
[2026-09-23 00:07:33.214][TRC][Px45320][Tx34803][TaskBase.cpp][L61][MaaNS::TaskNS::TaskBase::run_recognition] | leave, 0ms 
[2026-09-23 00:07:33.214][INF][Px45320][Tx34803][PipelineTask.cpp][L312][MaaNS::TaskNS::PipelineTask::recognize_list] reco hit [result.name=守卫空转] [result.box=[0,0,720,1280]] 
[2026-09-23 00:07:33.214][INF][Px45320][Tx34803][Utils/EventDispatcher.hpp][L65][MaaNS::EventDispatcher::notify] !!!OnEventNotify!!! [handle=true] [msg=Node.NextList.Succeeded] [details={"focus":null,"list":[{"anchor":false,"jump_back":false,"name":"答题弹窗_先选择"},{"anchor":false,"jump_back":false,"name":"课程提醒_关闭"},{"anchor":false,"jump_back":false,"name":"存储提示_白色_取消"},{"anchor":false,"jump_back":false,"name":"存储提示_深色_知道了"},{"anchor":false,"jump_back":false,"name":"守卫空转"}],"name":"弹窗守卫","task_id":200000003}] 
[2026-09-23 00:07:33.214][TRC][Px45320][Tx34803][PipelineTask.cpp][L250][MaaNS::TaskNS::PipelineTask::recognize_list] | leave, 19ms 
[2026-09-23 00:07:33.214][DBG][Px45320][Tx34803][TaskBase.cpp][L215][MaaNS::TaskNS::TaskBase::sleep] 0ms 
[2026-09-23 00:07:33.214][INF][Px45320][Tx34803][Utils/EventDispatcher.hpp][L65][MaaNS::EventDispatcher::notify] !!!OnEventNotify!!! [handle=true] [msg=Node.Action.Starting] [details={"action_id":500000203,"focus":null,"name":"守卫空转","task_id":200000003}] 
[2026-09-23 00:07:33.214][TRC][Px45320][Tx34803][Actuator.cpp][L27][MaaNS::TaskNS::Actuator::run] [pipeline_data.name=守卫空转] 
[2026-09-23 00:07:33.214][INF][Px45320][Tx34803][TaskBase.cpp][L137][MaaNS::TaskNS::TaskBase::run_action] action [i=0] [data.repeat=1] [result={"action":"DoNothing","action_id":500000203,"box":[0,0,0,0],"detail":{},"name":"守卫空转","success":true}] 
[2026-09-23 00:07:33.214][INF][Px45320][Tx34803][Utils/EventDispatcher.hpp][L65][MaaNS::EventDispatcher::notify] !!!OnEventNotify!!! [handle=true] [msg=Node.Action.Succeeded] [details={"action_details":{"action":"DoNothing","action_id":500000203,"box":[0,0,0,0],"detail":{},"name":"守卫空转","success":true},"action_id":500000203,"focus":null,"name":"守卫空转","task_id":200000003}] 
[2026-09-23 00:07:33.214][DBG][Px45320][Tx34803][TaskBase.cpp][L215][MaaNS::TaskNS::TaskBase::sleep] 400ms 
[2026-09-23 00:07:33.615][INF][Px45320][Tx34803][PipelineTask.cpp][L224][MaaNS::TaskNS::PipelineTask::run_next] PipelineTask node done [result={"action_id":500000203,"completed":true,"name":"守卫空转","node_id":300000203,"reco_id":400000603}] [task_id_=200000003] 
[2026-09-23 00:07:33.615][INF][Px45320][Tx34803][Utils/EventDispatcher.hpp][L65][MaaNS::EventDispatcher::notify] !!!OnEventNotify!!! [handle=true] [msg=Node.PipelineNode.Succeeded] [details={"action_details":{"action":"DoNothing","action_id":500000203,"box":[0,0,0,0],"detail":{},"name":"守卫空转","success":true},"focus":null,"name":"弹窗守卫","node_details":{"action_id":500000203,"completed":true,"name":"守卫空转","node_id":300000203,"reco_id":400000603},"node_id":300000203,"reco_details":{"algorithm":"DirectHit","box":[0,0,720,1280],"detail":null,"name":"守卫空转","reco_id":400000603},"task_id":200000003}] 
[2026-09-23 00:07:33.615][INF][Px45320][Tx34803][Utils/EventDispatcher.hpp][L65][MaaNS::EventDispatcher::notify] !!!OnEventNotify!!! [handle=true] [msg=Node.PipelineNode.Starting] [details={"focus":null,"name":"守卫空转","node_id":300000204,"task_id":200000003}] 
[2026-09-23 00:07:33.619][DBG][Px45320][Tx42061][ChildPipeIOStream.cpp][L84][MaaNS::ChildPipeIOStream::ChildPipeIOStream] [exec_=D:/MuMuPlayer-12.0/shell/adb.exe] [args_=["-s","127.0.0.1:16416","exec-out","screencap | gzip -1"]] [child_.id()=18496] 
[2026-09-23 00:07:33.762][DBG][Px45320][Tx42061][UnitBase.cpp][L58][MaaNS::CtrlUnitNs::UnitBase::startup_and_read_pipe] [output.size()=643546] [duration=146ms] 
[2026-09-23 00:07:33.780][DBG][Px45320][Tx34803][PipelineTask.cpp][L250][MaaNS::TaskNS::PipelineTask::recognize_list] [cur_node_=守卫空转] [list=[{"anchor":false,"jump_back":false,"name":"弹窗守卫"}]] | enter 
[2026-09-23 00:07:33.780][INF][Px45320][Tx34803][Utils/EventDispatcher.hpp][L65][MaaNS::EventDispatcher::notify] !!!OnEventNotify!!! [handle=true] [msg=Node.NextList.Starting] [details={"focus":null,"list":[{"anchor":false,"jump_back":false,"name":"弹窗守卫"}],"name":"守卫空转","task_id":200000003}] 
[2026-09-23 00:07:33.780][DBG][Px45320][Tx34803][PipelineTask.cpp][L367][MaaNS::TaskNS::PipelineTask::prepare_batch_ocr] batch OCR not needed, eligible OCR nodes < 2 [ctx.plan.entries.size()=0] 
[2026-09-23 00:07:33.780][DBG][Px45320][Tx34803][TaskBase.cpp][L61][MaaNS::TaskNS::TaskBase::run_recognition] [cur_node_=守卫空转] [data.name=弹窗守卫] | enter 
[2026-09-23 00:07:33.780][INF][Px45320][Tx34803][Utils/EventDispatcher.hpp][L65][MaaNS::EventDispatcher::notify] !!!OnEventNotify!!! [handle=true] [msg=Node.Recognition.Starting] [details={"focus":null,"name":"弹窗守卫","reco_id":400000604,"task_id":200000003}] 
[2026-09-23 00:07:33.780][DBG][Px45320][Tx34803][Recognizer.cpp][L136][MaaNS::TaskNS::Recognizer::direct_hit] 弹窗守卫 
[2026-09-23 00:07:33.780][INF][Px45320][Tx34803][Recognizer.cpp][L103][MaaNS::TaskNS::Recognizer::recognize] reco [result={"algorithm":"DirectHit","box":[0,0,720,1280],"detail":null,"name":"弹窗守卫","reco_id":400000604}] 
[2026-09-23 00:07:33.780][INF][Px45320][Tx34803][Utils/EventDispatcher.hpp][L65][MaaNS::EventDispatcher::notify] !!!OnEventNotify!!! [handle=true] [msg=Node.Recognition.Succeeded] [details={"focus":null,"name":"弹窗守卫","reco_details":{"algorithm":"DirectHit","box":[0,0,720,1280],"detail":null,"name":"弹窗守卫","reco_id":400000604},"reco_id":400000604,"task_id":200000003}] 
[2026-09-23 00:07:33.780][TRC][Px45320][Tx34803][TaskBase.cpp][L61][MaaNS::TaskNS::TaskBase::run_recognition] | leave, 0ms 
[2026-09-23 00:07:33.780][INF][Px45320][Tx34803][PipelineTask.cpp][L312][MaaNS::TaskNS::PipelineTask::recognize_list] reco hit [result.name=弹窗守卫] [result.box=[0,0,720,1280]] 
[2026-09-23 00:07:33.780][INF][Px45320][Tx34803][Utils/EventDispatcher.hpp][L65][MaaNS::EventDispatcher::notify] !!!OnEventNotify!!! [handle=true] [msg=Node.NextList.Succeeded] [details={"focus":null,"list":[{"anchor":false,"jump_back":false,"name":"弹窗守卫"}],"name":"守卫空转","task_id":200000003}] 
[2026-09-23 00:07:33.780][TRC][Px45320][Tx34803][PipelineTask.cpp][L250][MaaNS::TaskNS::PipelineTask::recognize_list] | leave, 0ms 
[2026-09-23 00:07:33.780][DBG][Px45320][Tx34803][TaskBase.cpp][L215][MaaNS::TaskNS::TaskBase::sleep] 0ms 
[2026-09-23 00:07:33.780][INF][Px45320][Tx34803][Utils/EventDispatcher.hpp][L65][MaaNS::EventDispatcher::notify] !!!OnEventNotify!!! [handle=true] [msg=Node.Action.Starting] [details={"action_id":500000204,"focus":null,"name":"弹窗守卫","task_id":200000003}] 
[2026-09-23 00:07:33.780][TRC][Px45320][Tx34803][Actuator.cpp][L27][MaaNS::TaskNS::Actuator::run] [pipeline_data.name=弹窗守卫] 
[2026-09-23 00:07:33.780][INF][Px45320][Tx34803][TaskBase.cpp][L137][MaaNS::TaskNS::TaskBase::run_action] action [i=0] [data.repeat=1] [result={"action":"DoNothing","action_id":500000204,"box":[0,0,0,0],"detail":{},"name":"弹窗守卫","success":true}] 
[2026-09-23 00:07:33.780][INF][Px45320][Tx34803][Utils/EventDispatcher.hpp][L65][MaaNS::EventDispatcher::notify] !!!OnEventNotify!!! [handle=true] [msg=Node.Action.Succeeded] [details={"action_details":{"action":"DoNothing","action_id":500000204,"box":[0,0,0,0],"detail":{},"name":"弹窗守卫","success":true},"action_id":500000204,"focus":null,"name":"弹窗守卫","task_id":200000003}] 
[2026-09-23 00:07:33.780][DBG][Px45320][Tx34803][TaskBase.cpp][L215][MaaNS::TaskNS::TaskBase::sleep] 150ms 
[2026-09-23 00:07:33.930][INF][Px45320][Tx34803][PipelineTask.cpp][L224][MaaNS::TaskNS::PipelineTask::run_next] PipelineTask node done [result={"action_id":500000204,"completed":true,"name":"弹窗守卫","node_id":300000204,"reco_id":400000604}] [task_id_=200000003] 
[2026-09-23 00:07:33.930][INF][Px45320][Tx34803][Utils/EventDispatcher.hpp][L65][MaaNS::EventDispatcher::notify] !!!OnEventNotify!!! [handle=true] [msg=Node.PipelineNode.Succeeded] [details={"action_details":{"action":"DoNothing","action_id":500000204,"box":[0,0,0,0],"detail":{},"name":"弹窗守卫","success":true},"focus":null,"name":"守卫空转","node_details":{"action_id":500000204,"completed":true,"name":"弹窗守卫","node_id":300000204,"reco_id":400000604},"node_id":300000204,"reco_details":{"algorithm":"DirectHit","box":[0,0,720,1280],"detail":null,"name":"弹窗守卫","reco_id":400000604},"task_id":200000003}] 
[2026-09-23 00:07:33.930][INF][Px45320][Tx34803][Utils/EventDispatcher.hpp][L65][MaaNS::EventDispatcher::notify] !!!OnEventNotify!!! [handle=true] [msg=Node.PipelineNode.Starting] [details={"focus":null,"name":"弹窗守卫","node_id":300000205,"task_id":200000003}] 
[2026-09-23 00:07:33.935][DBG][Px45320][Tx42061][ChildPipeIOStream.cpp][L84][MaaNS::ChildPipeIOStream::ChildPipeIOStream] [exec_=D:/MuMuPlayer-12.0/shell/adb.exe] [args_=["-s","127.0.0.1:16416","exec-out","screencap | gzip -1"]] [child_.id()=29276] 
[2026-09-23 00:07:34.111][DBG][Px45320][Tx42061][UnitBase.cpp][L58][MaaNS::CtrlUnitNs::UnitBase::startup_and_read_pipe] [output.size()=633177] [duration=180ms] 
[2026-09-23 00:07:34.128][DBG][Px45320][Tx34803][PipelineTask.cpp][L250][MaaNS::TaskNS::PipelineTask::recognize_list] [cur_node_=弹窗守卫] [list=[{"anchor":false,"jump_back":false,"name":"答题弹窗_先选择"},{"anchor":false,"jump_back":false,"name":"课程提醒_关闭"},{"anchor":false,"jump_back":false,"name":"存储提示_白色_取消"},{"anchor":false,"jump_back":false,"name":"存储提示_深色_知道了"},{"anchor":false,"jump_back":false,"name":"守卫空转"}]] | enter 
[2026-09-23 00:07:34.128][INF][Px45320][Tx34803][Utils/EventDispatcher.hpp][L65][MaaNS::EventDispatcher::notify] !!!OnEventNotify!!! [handle=true] [msg=Node.NextList.Starting] [details={"focus":null,"list":[{"anchor":false,"jump_back":false,"name":"答题弹窗_先选择"},{"anchor":false,"jump_back":false,"name":"课程提醒_关闭"},{"anchor":false,"jump_back":false,"name":"存储提示_白色_取消"},{"anchor":false,"jump_back":false,"name":"存储提示_深色_知道了"},{"anchor":false,"jump_back":false,"name":"守卫空转"}],"name":"弹窗守卫","task_id":200000003}] 
[2026-09-23 00:07:34.128][DBG][Px45320][Tx34803][PipelineTask.cpp][L367][MaaNS::TaskNS::PipelineTask::prepare_batch_ocr] batch OCR not needed, eligible OCR nodes < 2 [ctx.plan.entries.size()=0] 
[2026-09-23 00:07:34.128][DBG][Px45320][Tx34803][TaskBase.cpp][L61][MaaNS::TaskNS::TaskBase::run_recognition] [cur_node_=弹窗守卫] [data.name=答题弹窗_先选择] | enter 
[2026-09-23 00:07:34.128][INF][Px45320][Tx34803][Utils/EventDispatcher.hpp][L65][MaaNS::EventDispatcher::notify] !!!OnEventNotify!!! [handle=true] [msg=Node.Recognition.Starting] [details={"focus":null,"name":"答题弹窗_先选择","reco_id":400000605,"task_id":200000003}] 
[2026-09-23 00:07:34.136][DBG][Px45320][Tx34803][TemplateMatcher.cpp][L45][MaaNS::VisionNS::TemplateMatcher::analyze] 答题弹窗_先选择 [all_results_=[{"box":[155,217,80,38],"score":0.243093},{"box":[156,218,80,38],"score":0.226526},{"box":[158,223,80,38],"score":0.245419}]] [filtered_results_=[]] [best_result_=null] [cost=7ms] [param_.template_=["popup_quiz_judgement_title.png","popup_quiz_single_title.png","popup_quiz_multi_title.png"]] [templates_.size()=3] [param_.thresholds=[0.820000,0.820000,0.820000]] [param_.method=5] [param_.green_mask=false] 
[2026-09-23 00:07:34.136][INF][Px45320][Tx34803][Recognizer.cpp][L103][MaaNS::TaskNS::Recognizer::recognize] reco [result={"algorithm":"TemplateMatch","box":null,"detail":{"all":[{"box":[155,217,80,38],"score":0.243093},{"box":[156,218,80,38],"score":0.226526},{"box":[158,223,80,38],"score":0.245419}],"best":null,"filtered":[]},"name":"答题弹窗_先选择","reco_id":400000605}] 
[2026-09-23 00:07:34.136][INF][Px45320][Tx34803][Utils/EventDispatcher.hpp][L65][MaaNS::EventDispatcher::notify] !!!OnEventNotify!!! [handle=true] [msg=Node.Recognition.Failed] [details={"focus":null,"name":"答题弹窗_先选择","reco_details":{"algorithm":"TemplateMatch","box":null,"detail":{"all":[{"box":[155,217,80,38],"score":0.243093},{"box":[156,218,80,38],"score":0.226526},{"box":[158,223,80,38],"score":0.245419}],"best":null,"filtered":[]},"name":"答题弹窗_先选择","reco_id":400000605},"reco_id":400000605,"task_id":200000003}] 
[2026-09-23 00:07:34.136][TRC][Px45320][Tx34803][TaskBase.cpp][L61][MaaNS::TaskNS::TaskBase::run_recognition] | leave, 7ms 
[2026-09-23 00:07:34.136][DBG][Px45320][Tx34803][TaskBase.cpp][L61][MaaNS::TaskNS::TaskBase::run_recognition] [cur_node_=弹窗守卫] [data.name=课程提醒_关闭] | enter 
[2026-09-23 00:07:34.136][INF][Px45320][Tx34803][Utils/EventDispatcher.hpp][L65][MaaNS::EventDispatcher::notify] !!!OnEventNotify!!! [handle=true] [msg=Node.Recognition.Starting] [details={"focus":null,"name":"课程提醒_关闭","reco_id":400000606,"task_id":200000003}] 
[2026-09-23 00:07:34.139][DBG][Px45320][Tx34803][TemplateMatcher.cpp][L45][MaaNS::VisionNS::TemplateMatcher::analyze] 课程提醒_关闭 [all_results_=[{"box":[257,360,170,75],"score":0.190881}]] [filtered_results_=[]] [best_result_=null] [cost=2ms] [param_.template_=["popup_course_reminder_title.png"]] [templates_.size()=1] [param_.thresholds=[0.720000]] [param_.method=5] [param_.green_mask=false] 
[2026-09-23 00:07:34.139][INF][Px45320][Tx34803][Recognizer.cpp][L103][MaaNS::TaskNS::Recognizer::recognize] reco [result={"algorithm":"TemplateMatch","box":null,"detail":{"all":[{"box":[257,360,170,75],"score":0.190881}],"best":null,"filtered":[]},"name":"课程提醒_关闭","reco_id":400000606}] 
[2026-09-23 00:07:34.139][INF][Px45320][Tx34803][Utils/EventDispatcher.hpp][L65][MaaNS::EventDispatcher::notify] !!!OnEventNotify!!! [handle=true] [msg=Node.Recognition.Failed] [details={"focus":null,"name":"课程提醒_关闭","reco_details":{"algorithm":"TemplateMatch","box":null,"detail":{"all":[{"box":[257,360,170,75],"score":0.190881}],"best":null,"filtered":[]},"name":"课程提醒_关闭","reco_id":400000606},"reco_id":400000606,"task_id":200000003}] 
[2026-09-23 00:07:34.139][TRC][Px45320][Tx34803][TaskBase.cpp][L61][MaaNS::TaskNS::TaskBase::run_recognition] | leave, 3ms 
[2026-09-23 00:07:34.139][DBG][Px45320][Tx34803][TaskBase.cpp][L61][MaaNS::TaskNS::TaskBase::run_recognition] [cur_node_=弹窗守卫] [data.name=存储提示_白色_取消] | enter 
[2026-09-23 00:07:34.139][INF][Px45320][Tx34803][Utils/EventDispatcher.hpp][L65][MaaNS::EventDispatcher::notify] !!!OnEventNotify!!! [handle=true] [msg=Node.Recognition.Starting] [details={"focus":null,"name":"存储提示_白色_取消","reco_id":400000607,"task_id":200000003}] 
[2026-09-23 00:07:34.140][DBG][Px45320][Tx34803][TemplateMatcher.cpp][L45][MaaNS::VisionNS::TemplateMatcher::analyze] 存储提示_白色_取消 [all_results_=[]] [filtered_results_=[]] [best_result_=null] [cost=2ms] [param_.template_=["popup_storage_white_title.png"]] [templates_.size()=1] [param_.thresholds=[0.720000]] [param_.method=5] [param_.green_mask=false] 
[2026-09-23 00:07:34.140][INF][Px45320][Tx34803][Recognizer.cpp][L103][MaaNS::TaskNS::Recognizer::recognize] reco [result={"algorithm":"TemplateMatch","box":null,"detail":{"all":[],"best":null,"filtered":[]},"name":"存储提示_白色_取消","reco_id":400000607}] 
[2026-09-23 00:07:34.140][INF][Px45320][Tx34803][Utils/EventDispatcher.hpp][L65][MaaNS::EventDispatcher::notify] !!!OnEventNotify!!! [handle=true] [msg=Node.Recognition.Failed] [details={"focus":null,"name":"存储提示_白色_取消","reco_details":{"algorithm":"TemplateMatch","box":null,"detail":{"all":[],"best":null,"filtered":[]},"name":"存储提示_白色_取消","reco_id":400000607},"reco_id":400000607,"task_id":200000003}] 
[2026-09-23 00:07:34.140][TRC][Px45320][Tx34803][TaskBase.cpp][L61][MaaNS::TaskNS::TaskBase::run_recognition] | leave, 2ms 
[2026-09-23 00:07:34.140][DBG][Px45320][Tx34803][TaskBase.cpp][L61][MaaNS::TaskNS::TaskBase::run_recognition] [cur_node_=弹窗守卫] [data.name=存储提示_深色_知道了] | enter 
[2026-09-23 00:07:34.140][INF][Px45320][Tx34803][Utils/EventDispatcher.hpp][L65][MaaNS::EventDispatcher::notify] !!!OnEventNotify!!! [handle=true] [msg=Node.Recognition.Starting] [details={"focus":null,"name":"存储提示_深色_知道了","reco_id":400000608,"task_id":200000003}] 
[2026-09-23 00:07:34.142][DBG][Px45320][Tx34803][TemplateMatcher.cpp][L45][MaaNS::VisionNS::TemplateMatcher::analyze] 存储提示_深色_知道了 [all_results_=[]] [filtered_results_=[]] [best_result_=null] [cost=2ms] [param_.template_=["popup_storage_dark_title.png"]] [templates_.size()=1] [param_.thresholds=[0.720000]] [param_.method=5] [param_.green_mask=false] 
[2026-09-23 00:07:34.144][INF][Px45320][Tx34803][Recognizer.cpp][L103][MaaNS::TaskNS::Recognizer::recognize] reco [result={"algorithm":"TemplateMatch","box":null,"detail":{"all":[],"best":null,"filtered":[]},"name":"存储提示_深色_知道了","reco_id":400000608}] 
[2026-09-23 00:07:34.144][INF][Px45320][Tx34803][Utils/EventDispatcher.hpp][L65][MaaNS::EventDispatcher::notify] !!!OnEventNotify!!! [handle=true] [msg=Node.Recognition.Failed] [details={"focus":null,"name":"存储提示_深色_知道了","reco_details":{"algorithm":"TemplateMatch","box":null,"detail":{"all":[],"best":null,"filtered":[]},"name":"存储提示_深色_知道了","reco_id":400000608},"reco_id":400000608,"task_id":200000003}] 
[2026-09-23 00:07:34.144][TRC][Px45320][Tx34803][TaskBase.cpp][L61][MaaNS::TaskNS::TaskBase::run_recognition] | leave, 2ms 
[2026-09-23 00:07:34.144][DBG][Px45320][Tx34803][TaskBase.cpp][L61][MaaNS::TaskNS::TaskBase::run_recognition] [cur_node_=弹窗守卫] [data.name=守卫空转] | enter 
[2026-09-23 00:07:34.144][INF][Px45320][Tx34803][Utils/EventDispatcher.hpp][L65][MaaNS::EventDispatcher::notify] !!!OnEventNotify!!! [handle=true] [msg=Node.Recognition.Starting] [details={"focus":null,"name":"守卫空转","reco_id":400000609,"task_id":200000003}] 
[2026-09-23 00:07:34.144][DBG][Px45320][Tx34803][Recognizer.cpp][L136][MaaNS::TaskNS::Recognizer::direct_hit] 守卫空转 
[2026-09-23 00:07:34.144][INF][Px45320][Tx34803][Recognizer.cpp][L103][MaaNS::TaskNS::Recognizer::recognize] reco [result={"algorithm":"DirectHit","box":[0,0,720,1280],"detail":null,"name":"守卫空转","reco_id":400000609}] 
[2026-09-23 00:07:34.144][INF][Px45320][Tx34803][Utils/EventDispatcher.hpp][L65][MaaNS::EventDispatcher::notify] !!!OnEventNotify!!! [handle=true] [msg=Node.Recognition.Succeeded] [details={"focus":null,"name":"守卫空转","reco_details":{"algorithm":"DirectHit","box":[0,0,720,1280],"detail":null,"name":"守卫空转","reco_id":400000609},"reco_id":400000609,"task_id":200000003}] 
[2026-09-23 00:07:34.144][TRC][Px45320][Tx34803][TaskBase.cpp][L61][MaaNS::TaskNS::TaskBase::run_recognition] | leave, 0ms 
[2026-09-23 00:07:34.144][INF][Px45320][Tx34803][PipelineTask.cpp][L312][MaaNS::TaskNS::PipelineTask::recognize_list] reco hit [result.name=守卫空转] [result.box=[0,0,720,1280]] 
[2026-09-23 00:07:34.144][INF][Px45320][Tx34803][Utils/EventDispatcher.hpp][L65][MaaNS::EventDispatcher::notify] !!!OnEventNotify!!! [handle=true] [msg=Node.NextList.Succeeded] [details={"focus":null,"list":[{"anchor":false,"jump_back":false,"name":"答题弹窗_先选择"},{"anchor":false,"jump_back":false,"name":"课程提醒_关闭"},{"anchor":false,"jump_back":false,"name":"存储提示_白色_取消"},{"anchor":false,"jump_back":false,"name":"存储提示_深色_知道了"},{"anchor":false,"jump_back":false,"name":"守卫空转"}],"name":"弹窗守卫","task_id":200000003}] 
[2026-09-23 00:07:34.144][TRC][Px45320][Tx34803][PipelineTask.cpp][L250][MaaNS::TaskNS::PipelineTask::recognize_list] | leave, 16ms 
[2026-09-23 00:07:34.144][DBG][Px45320][Tx34803][TaskBase.cpp][L215][MaaNS::TaskNS::TaskBase::sleep] 0ms 
[2026-09-23 00:07:34.144][INF][Px45320][Tx34803][Utils/EventDispatcher.hpp][L65][MaaNS::EventDispatcher::notify] !!!OnEventNotify!!! [handle=true] [msg=Node.Action.Starting] [details={"action_id":500000205,"focus":null,"name":"守卫空转","task_id":200000003}] 
[2026-09-23 00:07:34.144][TRC][Px45320][Tx34803][Actuator.cpp][L27][MaaNS::TaskNS::Actuator::run] [pipeline_data.name=守卫空转] 
[2026-09-23 00:07:34.144][INF][Px45320][Tx34803][TaskBase.cpp][L137][MaaNS::TaskNS::TaskBase::run_action] action [i=0] [data.repeat=1] [result={"action":"DoNothing","action_id":500000205,"box":[0,0,0,0],"detail":{},"name":"守卫空转","success":true}] 
[2026-09-23 00:07:34.144][INF][Px45320][Tx34803][Utils/EventDispatcher.hpp][L65][MaaNS::EventDispatcher::notify] !!!OnEventNotify!!! [handle=true] [msg=Node.Action.Succeeded] [details={"action_details":{"action":"DoNothing","action_id":500000205,"box":[0,0,0,0],"detail":{},"name":"守卫空转","success":true},"action_id":500000205,"focus":null,"name":"守卫空转","task_id":200000003}] 
[2026-09-23 00:07:34.144][DBG][Px45320][Tx34803][TaskBase.cpp][L215][MaaNS::TaskNS::TaskBase::sleep] 400ms 
[2026-09-23 00:07:34.241][DBG][Px45320][Tx34009][MaaTasker.cpp][L260][MaaTaskerPostStop] [tasker=true] | enter 
[2026-09-23 00:07:34.241][DBG][Px45320][Tx34009][Tasker.cpp][L163][MaaNS::Tasker::post_stop] | enter 
[2026-09-23 00:07:34.241][DBG][Px45320][Tx34009][ResourceMgr.cpp][L176][MaaNS::ResourceNS::ResourceMgr::post_stop] | enter 
[2026-09-23 00:07:34.241][TRC][Px45320][Tx34009][ResourceMgr.cpp][L176][MaaNS::ResourceNS::ResourceMgr::post_stop] | leave, 0ms 
[2026-09-23 00:07:34.241][DBG][Px45320][Tx34009][ControllerAgent.cpp][L263][MaaNS::ControllerNS::ControllerAgent::post_stop] | enter 
[2026-09-23 00:07:34.241][TRC][Px45320][Tx34009][ControllerAgent.cpp][L263][MaaNS::ControllerNS::ControllerAgent::post_stop] | leave, 0ms 
[2026-09-23 00:07:34.241][DBG][Px45320][Tx34009][Context.cpp][L20][MaaNS::TaskNS::Context::create] [id=200000004] [tasker=true] 
[2026-09-23 00:07:34.241][DBG][Px45320][Tx34009][Context.cpp][L46][MaaNS::TaskNS::Context::Context] [id=200000004] [tasker=true] 
[2026-09-23 00:07:34.241][TRC][Px45320][Tx34009][Context.cpp][L195][MaaNS::TaskNS::Context::override_pipeline] [getptr()=0000010B4CF15250] [pipeline_override={}] 
[2026-09-23 00:07:34.241][TRC][Px45320][Tx34009][Tasker.cpp][L163][MaaNS::Tasker::post_stop] | leave, 0ms 
[2026-09-23 00:07:34.241][TRC][Px45320][Tx34009][MaaTasker.cpp][L260][MaaTaskerPostStop] | leave, 0ms 
[2026-09-23 00:07:34.545][INF][Px45320][Tx34803][PipelineTask.cpp][L224][MaaNS::TaskNS::PipelineTask::run_next] PipelineTask node done [result={"action_id":500000205,"completed":true,"name":"守卫空转","node_id":300000205,"reco_id":400000609}] [task_id_=200000003] 
[2026-09-23 00:07:34.545][INF][Px45320][Tx34803][Utils/EventDispatcher.hpp][L65][MaaNS::EventDispatcher::notify] !!!OnEventNotify!!! [handle=true] [msg=Node.PipelineNode.Succeeded] [details={"action_details":{"action":"DoNothing","action_id":500000205,"box":[0,0,0,0],"detail":{},"name":"守卫空转","success":true},"focus":null,"name":"弹窗守卫","node_details":{"action_id":500000205,"completed":true,"name":"守卫空转","node_id":300000205,"reco_id":400000609},"node_id":300000205,"reco_details":{"algorithm":"DirectHit","box":[0,0,720,1280],"detail":null,"name":"守卫空转","reco_id":400000609},"task_id":200000003}] 
[2026-09-23 00:07:34.545][WRN][Px45320][Tx34803][PipelineTask.cpp][L47][MaaNS::TaskNS::PipelineTask::run] need_to_stop [node.name=弹窗守卫] 
[2026-09-23 00:07:34.545][TRC][Px45320][Tx34803][PipelineTask.cpp][L26][MaaNS::TaskNS::PipelineTask::run] | leave, 12444ms 
[2026-09-23 00:07:34.545][INF][Px45320][Tx34803][Tasker.cpp][L355][MaaNS::Tasker::run_task] task end: [cb_detail={"entry":"弹窗守卫","hash":"19efa3e55b3b18d8","task_id":200000003,"uuid":"6082ad59b0698c1"}] [ret=true] 
[2026-09-23 00:07:34.545][INF][Px45320][Tx34803][Utils/EventDispatcher.hpp][L65][MaaNS::EventDispatcher::notify] !!!OnEventNotify!!! [handle=true] [msg=Tasker.Task.Succeeded] [details={"entry":"弹窗守卫","hash":"19efa3e55b3b18d8","task_id":200000003,"uuid":"6082ad59b0698c1"}] 
[2026-09-23 00:07:34.545][TRC][Px45320][Tx34803][Tasker.cpp][L323][MaaNS::Tasker::run_task] | leave, 12444ms 
[2026-09-23 00:07:34.545][DBG][Px45320][Tx34803][Tasker.cpp][L323][MaaNS::Tasker::run_task] [runner_id=100000004] [task_ptr=0000010B4D1D5050] | enter 
[2026-09-23 00:07:34.545][INF][Px45320][Tx34803][Tasker.cpp][L343][MaaNS::Tasker::run_task] task start: [cb_detail={"entry":"MaaTaskerPostStop","hash":"19efa3e55b3b18d8","task_id":200000004,"uuid":"6082ad59b0698c1"}] 
[2026-09-23 00:07:34.545][INF][Px45320][Tx34803][Utils/EventDispatcher.hpp][L65][MaaNS::EventDispatcher::notify] !!!OnEventNotify!!! [handle=true] [msg=Tasker.Task.Starting] [details={"entry":"MaaTaskerPostStop","hash":"19efa3e55b3b18d8","task_id":200000004,"uuid":"6082ad59b0698c1"}] 
[2026-09-23 00:07:34.545][INF][Px45320][Tx34803][Tasker.cpp][L355][MaaNS::Tasker::run_task] task end: [cb_detail={"entry":"MaaTaskerPostStop","hash":"19efa3e55b3b18d8","task_id":200000004,"uuid":"6082ad59b0698c1"}] [ret=true] 
[2026-09-23 00:07:34.545][INF][Px45320][Tx34803][Utils/EventDispatcher.hpp][L65][MaaNS::EventDispatcher::notify] !!!OnEventNotify!!! [handle=true] [msg=Tasker.Task.Succeeded] [details={"entry":"MaaTaskerPostStop","hash":"19efa3e55b3b18d8","task_id":200000004,"uuid":"6082ad59b0698c1"}] 
[2026-09-23 00:07:34.545][TRC][Px45320][Tx34803][Tasker.cpp][L323][MaaNS::Tasker::run_task] | leave, 0ms 
[2026-09-23 00:07:35.664][DBG][Px45320][Tx19452][MaaFramework.cpp][L381][MaaTaskerDestroy] [tasker=true] | enter 
[2026-09-23 00:07:35.664][DBG][Px45320][Tx19452][Tasker.cpp][L37][MaaNS::Tasker::~Tasker] | enter 
[2026-09-23 00:07:35.664][TRC][Px45320][Tx19452][Tasker.cpp][L37][MaaNS::Tasker::~Tasker] | leave, 0ms 
[2026-09-23 00:07:35.664][DBG][Px45320][Tx19452][Base/AsyncRunner.hpp][L88][MaaNS::AsyncRunner<class std::shared_ptr<class MaaNS::TaskNS::TaskBase> >::~AsyncRunner] | enter 
[2026-09-23 00:07:35.664][DBG][Px45320][Tx19452][Base/AsyncRunner.hpp][L96][MaaNS::AsyncRunner<class std::shared_ptr<class MaaNS::TaskNS::TaskBase> >::release] | enter 
[2026-09-23 00:07:35.665][TRC][Px45320][Tx19452][Base/AsyncRunner.hpp][L96][MaaNS::AsyncRunner<class std::shared_ptr<class MaaNS::TaskNS::TaskBase> >::release] | leave, 0ms 
[2026-09-23 00:07:35.665][TRC][Px45320][Tx19452][Base/AsyncRunner.hpp][L88][MaaNS::AsyncRunner<class std::shared_ptr<class MaaNS::TaskNS::TaskBase> >::~AsyncRunner] | leave, 0ms 
[2026-09-23 00:07:35.665][TRC][Px45320][Tx19452][MaaFramework.cpp][L381][MaaTaskerDestroy] | leave, 0ms 
[2026-09-23 00:07:35.665][DBG][Px45320][Tx19452][MaaFramework.cpp][L362][MaaResourceDestroy] [res=true] | enter 
[2026-09-23 00:07:35.665][DBG][Px45320][Tx19452][ResourceMgr.cpp][L33][MaaNS::ResourceNS::ResourceMgr::~ResourceMgr] | enter 
[2026-09-23 00:07:35.665][TRC][Px45320][Tx19452][ResourceMgr.cpp][L33][MaaNS::ResourceNS::ResourceMgr::~ResourceMgr] | leave, 0ms 
[2026-09-23 00:07:35.665][DBG][Px45320][Tx19452][Base/AsyncRunner.hpp][L88][MaaNS::AsyncRunner<struct MaaNS::ResourceNS::PostPathItem>::~AsyncRunner] | enter 
[2026-09-23 00:07:35.665][DBG][Px45320][Tx19452][Base/AsyncRunner.hpp][L96][MaaNS::AsyncRunner<struct MaaNS::ResourceNS::PostPathItem>::release] | enter 
[2026-09-23 00:07:35.665][TRC][Px45320][Tx19452][Base/AsyncRunner.hpp][L96][MaaNS::AsyncRunner<struct MaaNS::ResourceNS::PostPathItem>::release] | leave, 0ms 
[2026-09-23 00:07:35.665][TRC][Px45320][Tx19452][Base/AsyncRunner.hpp][L88][MaaNS::AsyncRunner<struct MaaNS::ResourceNS::PostPathItem>::~AsyncRunner] | leave, 0ms 
[2026-09-23 00:07:35.696][TRC][Px45320][Tx19452][MaaFramework.cpp][L362][MaaResourceDestroy] | leave, 30ms 
[2026-09-23 00:07:35.696][DBG][Px45320][Tx19452][MaaFramework.cpp][L343][MaaControllerDestroy] [ctrl=true] | enter 
[2026-09-23 00:07:35.696][DBG][Px45320][Tx19452][ControllerAgent.cpp][L30][MaaNS::ControllerNS::ControllerAgent::~ControllerAgent] | enter 
[2026-09-23 00:07:35.696][TRC][Px45320][Tx19452][ControllerAgent.cpp][L30][MaaNS::ControllerNS::ControllerAgent::~ControllerAgent] | leave, 0ms 
[2026-09-23 00:07:35.696][DBG][Px45320][Tx19452][Base/AsyncRunner.hpp][L88][MaaNS::AsyncRunner<struct MaaNS::ControllerNS::Action>::~AsyncRunner] | enter 
[2026-09-23 00:07:35.696][DBG][Px45320][Tx19452][Base/AsyncRunner.hpp][L96][MaaNS::AsyncRunner<struct MaaNS::ControllerNS::Action>::release] | enter 
[2026-09-23 00:07:35.696][TRC][Px45320][Tx19452][Base/AsyncRunner.hpp][L96][MaaNS::AsyncRunner<struct MaaNS::ControllerNS::Action>::release] | leave, 0ms 
[2026-09-23 00:07:35.696][TRC][Px45320][Tx19452][Base/AsyncRunner.hpp][L88][MaaNS::AsyncRunner<struct MaaNS::ControllerNS::Action>::~AsyncRunner] | leave, 0ms 
[2026-09-23 00:07:35.696][DBG][Px45320][Tx19452][AdbControlUnitAPI.cpp][L64][MaaAdbControlUnitDestroy] [handle=true] | enter 
[2026-09-23 00:07:35.696][DBG][Px45320][Tx19452][Connection.cpp][L145][MaaNS::CtrlUnitNs::Connection::stop_monitor] | enter 
[2026-09-23 00:07:35.796][WRN][Px45320][Tx19452][ChildPipeIOStream.cpp][L121][MaaNS::ChildPipeIOStream::release] child exit with 259 [exec_=D:/MuMuPlayer-12.0/shell/adb.exe] [args_=["-s","127.0.0.1:16416","shell","cat"]] [child_.id()=2092] 
[2026-09-23 00:07:35.796][WRN][Px45320][Tx19452][ChildPipeIOStream.cpp][L121][MaaNS::ChildPipeIOStream::release] child exit with 259 [exec_=D:/MuMuPlayer-12.0/shell/adb.exe] [args_=["-s","127.0.0.1:16416","shell","cat"]] [child_.id()=2092] 
[2026-09-23 00:07:35.797][TRC][Px45320][Tx19452][Connection.cpp][L145][MaaNS::CtrlUnitNs::Connection::stop_monitor] | leave, 100ms 
[2026-09-23 00:07:35.797][TRC][Px45320][Tx19452][MtouchHelper.cpp][L126][MaaNS::CtrlUnitNs::MtouchHelper::remove_binary] 
[2026-09-23 00:07:35.797][DBG][Px45320][Tx19452][InvokeApp.cpp][L146][MaaNS::CtrlUnitNs::InvokeApp::remove] | enter 
[2026-09-23 00:07:35.804][DBG][Px45320][Tx19452][ChildPipeIOStream.cpp][L84][MaaNS::ChildPipeIOStream::ChildPipeIOStream] [exec_=D:/MuMuPlayer-12.0/shell/adb.exe] [args_=["-s","127.0.0.1:16416","shell","rm \"/data/local/tmp/2026.09.23-00.05.55.433\""]] [child_.id()=31344] 
[2026-09-23 00:07:35.839][DBG][Px45320][Tx19452][UnitBase.cpp][L58][MaaNS::CtrlUnitNs::UnitBase::startup_and_read_pipe] [output.size()=0] [duration=42ms] 
[2026-09-23 00:07:35.839][TRC][Px45320][Tx19452][InvokeApp.cpp][L146][MaaNS::CtrlUnitNs::InvokeApp::remove] | leave, 42ms 
[2026-09-23 00:07:35.939][WRN][Px45320][Tx19452][ChildPipeIOStream.cpp][L121][MaaNS::ChildPipeIOStream::release] child exit with 259 [exec_=D:/MuMuPlayer-12.0/shell/adb.exe] [args_=["-s","127.0.0.1:16416","shell","export CLASSPATH=\"/data/local/tmp/2026.09.23-00.05.55.433\"; app_process /data/local/tmp com.shxyke.MaaTouch.App"]] [child_.id()=31560] 
[2026-09-23 00:07:35.939][DBG][Px45320][Tx19452][InvokeApp.cpp][L146][MaaNS::CtrlUnitNs::InvokeApp::remove] | enter 
[2026-09-23 00:07:35.939][DBG][Px45320][Tx19452][InvokeApp.cpp][L149][MaaNS::CtrlUnitNs::InvokeApp::remove] Not pushed, skip remove 
[2026-09-23 00:07:35.939][TRC][Px45320][Tx19452][InvokeApp.cpp][L146][MaaNS::CtrlUnitNs::InvokeApp::remove] | leave, 0ms 
[2026-09-23 00:07:35.939][TRC][Px45320][Tx19452][MtouchHelper.cpp][L126][MaaNS::CtrlUnitNs::MtouchHelper::remove_binary] 
[2026-09-23 00:07:35.939][DBG][Px45320][Tx19452][InvokeApp.cpp][L146][MaaNS::CtrlUnitNs::InvokeApp::remove] | enter 
[2026-09-23 00:07:35.939][DBG][Px45320][Tx19452][InvokeApp.cpp][L149][MaaNS::CtrlUnitNs::InvokeApp::remove] Not pushed, skip remove 
[2026-09-23 00:07:35.939][TRC][Px45320][Tx19452][InvokeApp.cpp][L146][MaaNS::CtrlUnitNs::InvokeApp::remove] | leave, 0ms 
[2026-09-23 00:07:35.939][DBG][Px45320][Tx19452][InvokeApp.cpp][L146][MaaNS::CtrlUnitNs::InvokeApp::remove] | enter 
[2026-09-23 00:07:35.939][DBG][Px45320][Tx19452][InvokeApp.cpp][L149][MaaNS::CtrlUnitNs::InvokeApp::remove] Not pushed, skip remove 
[2026-09-23 00:07:35.939][TRC][Px45320][Tx19452][InvokeApp.cpp][L146][MaaNS::CtrlUnitNs::InvokeApp::remove] | leave, 0ms 
[2026-09-23 00:07:35.939][TRC][Px45320][Tx19452][MtouchHelper.cpp][L126][MaaNS::CtrlUnitNs::MtouchHelper::remove_binary] 
[2026-09-23 00:07:35.939][DBG][Px45320][Tx19452][MuMuPlayerExtras.cpp][L515][MaaNS::CtrlUnitNs::MuMuPlayerExtras::disconnect_mumu] [mumu_handle_=0] | enter 
[2026-09-23 00:07:35.939][WRN][Px45320][Tx19452][MuMuPlayerExtras.cpp][L518][MaaNS::CtrlUnitNs::MuMuPlayerExtras::disconnect_mumu] disconnect_func_ is null 
[2026-09-23 00:07:35.939][TRC][Px45320][Tx19452][MuMuPlayerExtras.cpp][L515][MaaNS::CtrlUnitNs::MuMuPlayerExtras::disconnect_mumu] | leave, 0ms 
[2026-09-23 00:07:35.939][DBG][Px45320][Tx19452][MaaUtils/LibraryHolder.h][L90][MaaNS::LibraryHolder<class MaaNS::CtrlUnitNs::MuMuPlayerExtras>::unload_library] [libname_=] | enter 
[2026-09-23 00:07:35.939][DBG][Px45320][Tx19452][MaaUtils/LibraryHolder.h][L95][MaaNS::LibraryHolder<class MaaNS::CtrlUnitNs::MuMuPlayerExtras>::unload_library] LibraryHolder already unloaded 
[2026-09-23 00:07:35.939][TRC][Px45320][Tx19452][MaaUtils/LibraryHolder.h][L90][MaaNS::LibraryHolder<class MaaNS::CtrlUnitNs::MuMuPlayerExtras>::unload_library] | leave, 0ms 
[2026-09-23 00:07:35.939][DBG][Px45320][Tx19452][LDPlayerExtras.cpp][L120][MaaNS::CtrlUnitNs::LDPlayerExtras::release_ld_instance] [ld_handle_=false] | enter 
[2026-09-23 00:07:35.939][TRC][Px45320][Tx19452][LDPlayerExtras.cpp][L120][MaaNS::CtrlUnitNs::LDPlayerExtras::release_ld_instance] | leave, 0ms 
[2026-09-23 00:07:35.939][DBG][Px45320][Tx19452][MaaUtils/LibraryHolder.h][L90][MaaNS::LibraryHolder<class MaaNS::CtrlUnitNs::LDPlayerExtras>::unload_library] [libname_=] | enter 
[2026-09-23 00:07:35.939][DBG][Px45320][Tx19452][MaaUtils/LibraryHolder.h][L95][MaaNS::LibraryHolder<class MaaNS::CtrlUnitNs::LDPlayerExtras>::unload_library] LibraryHolder already unloaded 
[2026-09-23 00:07:35.939][TRC][Px45320][Tx19452][MaaUtils/LibraryHolder.h][L90][MaaNS::LibraryHolder<class MaaNS::CtrlUnitNs::LDPlayerExtras>::unload_library] | leave, 0ms 
[2026-09-23 00:07:35.939][TRC][Px45320][Tx19452][AdbControlUnitAPI.cpp][L64][MaaAdbControlUnitDestroy] | leave, 243ms 
[2026-09-23 00:07:35.939][TRC][Px45320][Tx19452][MaaFramework.cpp][L343][MaaControllerDestroy] | leave, 243ms 
[2026-09-23 00:07:35.993][DBG][Px45320][Tx19452][Logger] ----------------------------- 
[2026-09-23 00:07:35.993][DBG][Px45320][Tx19452][Logger] Close log 
[2026-09-23 00:07:35.993][DBG][Px45320][Tx19452][Logger] ----------------------------- 
